publishedAt,date,source,title,summary,url
2025-09-15T20:25:00+00:00,2025-09-15,Investor's Business Daily,Apple Stock Rises Amid Strong iPhone 17 Preorders - Investor's Business Daily,"<a href=""https://news.google.com/rss/articles/CBMihgFBVV95cUxNQkNmNF94V016VWZQbTFxeFB4OFZxLW1mYVhLNkpiWEdWdmw4d3dUU25KN1AyTDhIYUNreU1QWmlsZ2JkRl9Tc201WktiTGtyeG1uaVVrSjUyQVo2d2hHU0Zkb2FURkZEUlduOHJFajc2d1ZaN1pORDdZaW4xN09ZOW5ZXzFZdw?oc=5"" target=""_blank"">Apple Stock Rises Amid Strong iPhone 17 Preorders</a>&nbsp;&nbsp;<font color=""#6f6f6f"">Investor's Business Daily</font>",https://news.google.com/rss/articles/CBMihgFBVV95cUxNQkNmNF94V016VWZQbTFxeFB4OFZxLW1mYVhLNkpiWEdWdmw4d3dUU25KN1AyTDhIYUNreU1QWmlsZ2JkRl9Tc201WktiTGtyeG1uaVVrSjUyQVo2d2hHU0Zkb2FURkZEUlduOHJFajc2d1ZaN1pORDdZaW4xN09ZOW5ZXzFZdw?oc=5
2025-09-15T16:27:00+00:00,2025-09-15,Barron's,Apple Stock Gains. What Preorders Say About iPhone 17 Demand. - Barron's,"<a href=""https://news.google.com/rss/articles/CBMihAFBVV95cUxOU2xnSGFiUUhhMXVqTjNoc3dzMjRKdTFoZ0Y5VlJFUTFWakR3azdXanplNXpNNFpoejVLSms2eHl0NXVvSktIeTNxWlJyRmFRZ2xyVnZTRC1SZktTdmRGclUyc0QtSzBYRGRQR3d4bjhsY3N6UWNWNXdSYTV2U244NFgwOEI?oc=5"" target=""_blank"">Apple Stock Gains. What Preorders Say About iPhone 17 Demand.</a>&nbsp;&nbsp;<font color=""#6f6f6f"">Barron's</font>",https://news.google.com/rss/articles/CBMihAFBVV95cUxOU2xnSGFiUUhhMXVqTjNoc3dzMjRKdTFoZ0Y5VlJFUTFWakR3azdXanplNXpNNFpoejVLSms2eHl0NXVvSktIeTNxWlJyRmFRZ2xyVnZTRC1SZktTdmRGclUyc0QtSzBYRGRQR3d4bjhsY3N6UWNWNXdSYTV2U244NFgwOEI?oc=5
2025-09-15T10:55:37+00:00,2025-09-15,Yahoo Finance,Apple (AAPL) Valuation: Examining the Numbers After Recent Stock Moves - Yahoo Finance,"<a href=""https://news.google.com/rss/articles/CBMijAFBVV95cUxNX1FfT3NjemxpcEhka1hidXZQYVFtTGdEV2J5OGtXQjdISU1aeUZlZk1LdTBvY01DQTc2Y2VnTFhHa2dMQTNYcjd0WVdndEtyTnZkVlFVSUV4bnlzQ2hKRGRQQVliak1zdDYxazZRdkNGd2ROWGRUNFZmVjJNQlJxREM1U2Q0VWxyTWhueg?oc=5"" target=""_blank"">Apple (AAPL) Valuation: Examining the Numbers After Recent Stock Moves</a>&nbsp;&nbsp;<font color=""#6f6f6f"">Yahoo Finance</font>",https://news.google.com/rss/articles/CBMijAFBVV95cUxNX1FfT3NjemxpcEhka1hidXZQYVFtTGdEV2J5OGtXQjdISU1aeUZlZk1LdTBvY01DQTc2Y2VnTFhHa2dMQTNYcjd0WVdndEtyTnZkVlFVSUV4bnlzQ2hKRGRQQVliak1zdDYxazZRdkNGd2ROWGRUNFZmVjJNQlJxREM1U2Q0VWxyTWhueg?oc=5
2025-09-13T12:43:00+00:00,2025-09-13,The Motley Fool,Best Stock to Buy Now: Alphabet or Apple? - The Motley Fool,"<a href=""https://news.google.com/rss/articles/CBMiigFBVV95cUxOenZrMmg3WEFmWG1sdklwUEpDTUYwRm9rZmdKeTBrQ1lxZldocnJwN25Qd0NXUUhsckd6NFNVdVlHYzlScTNNN2FJQUNmT1VmZGwtSFZfaXFXSGxwdHdRT3pud0VGOXJBazZqZmxfN296QmYwcDRjR3MyQklFejVZMnlQMG1MN1RfU2c?oc=5"" target=""_blank"">Best Stock to Buy Now: Alphabet or Apple?</a>&nbsp;&nbsp;<font color=""#6f6f6f"">The Motley Fool</font>",https://news.google.com/rss/articles/CBMiigFBVV95cUxOenZrMmg3WEFmWG1sdklwUEpDTUYwRm9rZmdKeTBrQ1lxZldocnJwN25Qd0NXUUhsckd6NFNVdVlHYzlScTNNN2FJQUNmT1VmZGwtSFZfaXFXSGxwdHdRT3pud0VGOXJBazZqZmxfN296QmYwcDRjR3MyQklFejVZMnlQMG1MN1RfU2c?oc=5
2025-09-12T10:50:36+00:00,2025-09-12,Yahoo Finance,Rosenblatt Lifts PT on Apple (AAPL) Stock - Yahoo Finance,"<a href=""https://news.google.com/rss/articles/CBMiggFBVV95cUxOaG1hT3JDU284QjlQcldKcS1DYUpaZlJBMXZnYnBuWjJDZlpkVmVxMndZTEdEQmYteWlfdDNEUXpEM0lJRjFOUHJGTV9LZTZGS1BLR0hyYjJuZW5ZLXFUNHd0WGVuam83eHU3RTlNc052VVp5Ymd1ZTJqc3QwTDNEVFVB?oc=5"" target=""_blank"">Rosenblatt Lifts PT on Apple (AAPL) Stock</a>&nbsp;&nbsp;<font color=""#6f6f6f"">Yahoo Finance</font>",https://news.google.com/rss/articles/CBMiggFBVV95cUxOaG1hT3JDU284QjlQcldKcS1DYUpaZlJBMXZnYnBuWjJDZlpkVmVxMndZTEdEQmYteWlfdDNEUXpEM0lJRjFOUHJGTV9LZTZGS1BLR0hyYjJuZW5ZLXFUNHd0WGVuam83eHU3RTlNc052VVp5Ymd1ZTJqc3QwTDNEVFVB?oc=5
2025-09-12T14:07:42+00:00,2025-09-12,Yahoo Finance,Apple Stock Downgraded After iPhone 17 Reveals - Yahoo Finance,"<a href=""https://news.google.com/rss/articles/CBMihgFBVV95cUxONzVuX2ZKbHJRZjIyazltMHMzZW5HVUxFNUp0Qkw0Y24xTllJM3ljUy01TjR0dHhnTmZ0S3VzMGlyclZtZWRrWFZiOGpKQXIzNFJrbkw1b1ZENVFQZFgteHYzOGVCc0twU1d0ZVZEV21uTzRKZ043OTUyUEthaklldk9WbkVzQQ?oc=5"" target=""_blank"">Apple Stock Downgraded After iPhone 17 Reveals</a>&nbsp;&nbsp;<font color=""#6f6f6f"">Yahoo Finance</font>",https://news.google.com/rss/articles/CBMihgFBVV95cUxONzVuX2ZKbHJRZjIyazltMHMzZW5HVUxFNUp0Qkw0Y24xTllJM3ljUy01TjR0dHhnTmZ0S3VzMGlyclZtZWRrWFZiOGpKQXIzNFJrbkw1b1ZENVFQZFgteHYzOGVCc0twU1d0ZVZEV21uTzRKZ043OTUyUEthaklldk9WbkVzQQ?oc=5
2025-09-11T12:59:00+00:00,2025-09-11,MarketWatch,Apple’s stock is stuck in a rut. Why this bull just threw in the towel. - MarketWatch,"<a href=""https://news.google.com/rss/articles/CBMisAFBVV95cUxNQllfeV9LSWg3S3l6Q213SUJ3NGtKR2U5RlVLLTZqcHdCSVJDZ2E3SVptc2UyeUoxbnNYRzRmeFNCOUNDZUpwYS1YWVdIRGJaYnYtQ1AxS0JoSy0wT0hrX0ZBS3NtMDhiUko5eGc2RHQtWTIxWTFGdVJZYmdZYUUxelJ6cEVvQWllZm9GNmNGU0hSV0hNMFZmbl9zcjRvZXdPd3pzbmtRaWNQVjVFdEdlZw?oc=5"" target=""_blank"">Apple’s stock is stuck in a rut. Why this bull just threw in the towel.</a>&nbsp;&nbsp;<font color=""#6f6f6f"">MarketWatch</font>",https://news.google.com/rss/articles/CBMisAFBVV95cUxNQllfeV9LSWg3S3l6Q213SUJ3NGtKR2U5RlVLLTZqcHdCSVJDZ2E3SVptc2UyeUoxbnNYRzRmeFNCOUNDZUpwYS1YWVdIRGJaYnYtQ1AxS0JoSy0wT0hrX0ZBS3NtMDhiUko5eGc2RHQtWTIxWTFGdVJZYmdZYUUxelJ6cEVvQWllZm9GNmNGU0hSV0hNMFZmbl9zcjRvZXdPd3pzbmtRaWNQVjVFdEdlZw?oc=5
2025-09-10T14:14:00+00:00,2025-09-10,Barron's,Apple Stock Could Gain More Than 20%. 3 Reasons the iPhone Maker Can Soar. - Barron's,"<a href=""https://news.google.com/rss/articles/CBMifkFVX3lxTE00TmE4amFjMXZFbWJnN2pPSjVLOWpvZ194V2RpUWNOQ2VQZ3JPYU00RWozWnJyUDFneUJlTDJ6eFEyOEM5TVYybDlWTWkzMWxmamJ0eW5JZ0dzeVNtX3o0c1NjREVra25xNlhTLTUyRG5LaXRwWFpXZXk2QzhjQQ?oc=5"" target=""_blank"">Apple Stock Could Gain More Than 20%. 3 Reasons the iPhone Maker Can Soar.</a>&nbsp;&nbsp;<font color=""#6f6f6f"">Barron's</font>",https://news.google.com/rss/articles/CBMifkFVX3lxTE00TmE4amFjMXZFbWJnN2pPSjVLOWpvZ194V2RpUWNOQ2VQZ3JPYU00RWozWnJyUDFneUJlTDJ6eFEyOEM5TVYybDlWTWkzMWxmamJ0eW5JZ0dzeVNtX3o0c1NjREVra25xNlhTLTUyRG5LaXRwWFpXZXk2QzhjQQ?oc=5
2025-09-10T21:02:00+00:00,2025-09-10,Investor's Business Daily,AI Gets Scant Mention At Apple iPhone 17 Launch Event - Investor's Business Daily,"<a href=""https://news.google.com/rss/articles/CBMikgFBVV95cUxORHduR1ZkRWhoZ1k1UmtkTmgxX1RwMmFuQWZ6Vmh3TnRtX1J3Zm5VYWlTaWM3TWJNZDdMRVNLMlEyRDUtOWh3WG9MZmVTSHZERlBiVkhjcGgyNTZhQ2l1empuRUdOWDVNYXZEaVZoVWxXSlA3enZUeWhwRjc0Y3Y5T2d1OTQ4dHFKMEFreTZ1a1g3dw?oc=5"" target=""_blank"">AI Gets Scant Mention At Apple iPhone 17 Launch Event</a>&nbsp;&nbsp;<font color=""#6f6f6f"">Investor's Business Daily</font>",https://news.google.com/rss/articles/CBMikgFBVV95cUxORHduR1ZkRWhoZ1k1UmtkTmgxX1RwMmFuQWZ6Vmh3TnRtX1J3Zm5VYWlTaWM3TWJNZDdMRVNLMlEyRDUtOWh3WG9MZmVTSHZERlBiVkhjcGgyNTZhQ2l1empuRUdOWDVNYXZEaVZoVWxXSlA3enZUeWhwRjc0Y3Y5T2d1OTQ4dHFKMEFreTZ1a1g3dw?oc=5
2025-09-15T20:31:00+00:00,2025-09-15,Investor's Business Daily,Google Tops $3 Trillion Market Cap As Gemini Takes Top Spot In Apple Store - Investor's Business Daily,"<a href=""https://news.google.com/rss/articles/CBMioAFBVV95cUxOY3NxVGdkX0RsRGxfWVM2MFc1OVNudElvUjU3SGVCSUw4TF9VM2F3QXM5d3BseEtzcXctTEk0MUpLZ0RGMU03NTVUTFlHaVROQkYxWjRzekk1dUg4N2syRUtRZk5KU0xlYS1pR1lCOFN3S2thcTNTS2g4UmZNYXVfNk9XUlhKbk0tR3NhN0YtTXI4TzROZWI3bVlLaElaUXI5?oc=5"" target=""_blank"">Google Tops $3 Trillion Market Cap As Gemini Takes Top Spot In Apple Store</a>&nbsp;&nbsp;<font color=""#6f6f6f"">Investor's Business Daily</font>",https://news.google.com/rss/articles/CBMioAFBVV95cUxOY3NxVGdkX0RsRGxfWVM2MFc1OVNudElvUjU3SGVCSUw4TF9VM2F3QXM5d3BseEtzcXctTEk0MUpLZ0RGMU03NTVUTFlHaVROQkYxWjRzekk1dUg4N2syRUtRZk5KU0xlYS1pR1lCOFN3S2thcTNTS2g4UmZNYXVfNk9XUlhKbk0tR3NhN0YtTXI4TzROZWI3bVlLaElaUXI5?oc=5
2025-09-15T11:55:00+00:00,2025-09-15,Barron's,Apple Stock Gains. What Preorders Say About iPhone 17 Demand. - Barron's,"<a href=""https://news.google.com/rss/articles/CBMipgFBVV95cUxQdHNnZkd6NU1pYnc2ZkZCVXl3cDFjUUdDNlJUZ05vLVJXSEd2OUF1U0xqeXhQeUh2Tm1lNGk3V1liLW5EMC1Db1dHQ0gxdWc5Y0RfWDdBQTctQjNxci13T1NSSjgxd3VocGktZGZsNi0ybXpWT0dCa0dzWVhEQnlhRzVUSjdISlBlYUxDUmlHV1BKM1Y0WVJRTTc1QVV0R0pIZGQ3ajVB?oc=5"" target=""_blank"">Apple Stock Gains. What Preorders Say About iPhone 17 Demand.</a>&nbsp;&nbsp;<font color=""#6f6f6f"">Barron's</font>",https://news.google.com/rss/articles/CBMipgFBVV95cUxQdHNnZkd6NU1pYnc2ZkZCVXl3cDFjUUdDNlJUZ05vLVJXSEd2OUF1U0xqeXhQeUh2Tm1lNGk3V1liLW5EMC1Db1dHQ0gxdWc5Y0RfWDdBQTctQjNxci13T1NSSjgxd3VocGktZGZsNi0ybXpWT0dCa0dzWVhEQnlhRzVUSjdISlBlYUxDUmlHV1BKM1Y0WVJRTTc1QVV0R0pIZGQ3ajVB?oc=5
2025-09-10T22:54:48+00:00,2025-09-10,The Motley Fool,Why Apple Stock Sank Today - The Motley Fool,"<a href=""https://news.google.com/rss/articles/CBMieEFVX3lxTFBXZ1R5aDlxOU9fMTRFdTVsUjA1SjN6cnE4d1BxYkpVOS1aWlVGNWpVLXpudUZJZHFKeFJ0dlNUU0dCb3MxWG05V2t4ZmlfaXVURXpWcEZvV2IzUW9GaEJtMFhraUxlYkU1Qzhja1hNcWYyUlEwWXllMw?oc=5"" target=""_blank"">Why Apple Stock Sank Today</a>&nbsp;&nbsp;<font color=""#6f6f6f"">The Motley Fool</font>",https://news.google.com/rss/articles/CBMieEFVX3lxTFBXZ1R5aDlxOU9fMTRFdTVsUjA1SjN6cnE4d1BxYkpVOS1aWlVGNWpVLXpudUZJZHFKeFJ0dlNUU0dCb3MxWG05V2t4ZmlfaXVURXpWcEZvV2IzUW9GaEJtMFhraUxlYkU1Qzhja1hNcWYyUlEwWXllMw?oc=5
2025-09-15T16:31:00+00:00,2025-09-15,Yahoo Finance,Apple's TV+ Business Gets a Boost With 22 Emmy Wins: What's Ahead? - Yahoo Finance,"<a href=""https://news.google.com/rss/articles/CBMigAFBVV95cUxNRXU4TS0xYmdoQTZoN1puZGNOb2w0OVRUb3E4aXNfS1BmMTc3MV80Vmp2WFNONzhEUFE0WHNHaUVhQ0dCSi1RQUpDOFQzdE14TGZFR0VudHdjNzBWTDNXeEUtVzAyZUkyN1k1WV9pUVc0V1VITW05ckZkUUxncjVqaQ?oc=5"" target=""_blank"">Apple's TV+ Business Gets a Boost With 22 Emmy Wins: What's Ahead?</a>&nbsp;&nbsp;<font color=""#6f6f6f"">Yahoo Finance</font>",https://news.google.com/rss/articles/CBMigAFBVV95cUxNRXU4TS0xYmdoQTZoN1puZGNOb2w0OVRUb3E4aXNfS1BmMTc3MV80Vmp2WFNONzhEUFE0WHNHaUVhQ0dCSi1RQUpDOFQzdE14TGZFR0VudHdjNzBWTDNXeEUtVzAyZUkyN1k1WV9pUVc0V1VITW05ckZkUUxncjVqaQ?oc=5
2025-09-15T20:21:15+00:00,2025-09-15,techi.com,Apple Stock Valuation in September 2025: Is It Overvalued or Still a Strong Buy? - techi.com,"<a href=""https://news.google.com/rss/articles/CBMib0FVX3lxTE5hY2hRSW5lYlNEeXFKSy14cmk3MDlNSUhmakFjWnBVTHpLc3ZhZnNSWkhhTjJVQkJDWlFGNkxFeWZySnlpdDBFZ0pURGNRU3BZRk5SdHVvR18zU3NWbFdHcWx6ajhCRVhCQzF0QXhkbw?oc=5"" target=""_blank"">Apple Stock Valuation in September 2025: Is It Overvalued or Still a Strong Buy?</a>&nbsp;&nbsp;<font color=""#6f6f6f"">techi.com</font>",https://news.google.com/rss/articles/CBMib0FVX3lxTE5hY2hRSW5lYlNEeXFKSy14cmk3MDlNSUhmakFjWnBVTHpLc3ZhZnNSWkhhTjJVQkJDWlFGNkxFeWZySnlpdDBFZ0pURGNRU3BZRk5SdHVvR18zU3NWbFdHcWx6ajhCRVhCQzF0QXhkbw?oc=5
2025-09-09T22:18:00+00:00,2025-09-09,Investor's Business Daily,Apple Stock Slides After Surprise-Free iPhone 17 Reveal - Investor's Business Daily,"<a href=""https://news.google.com/rss/articles/CBMigwFBVV95cUxQa2hmWjNVR0dUcXFZbFo5OHZIM3JWU1dmRTdiVTBfMDQxSVd4UlpUM0ttZDg3V0tfSWVtQ0VpNWxkZkJmc3Q2d2FGMm9RR2pCc2Mtd2UzSTU5OWIycmlPaFhEM09WekNtaVJibUVNY3psTDVDTVU2aXV6YW5nZVR4VjNGaw?oc=5"" target=""_blank"">Apple Stock Slides After Surprise-Free iPhone 17 Reveal</a>&nbsp;&nbsp;<font color=""#6f6f6f"">Investor's Business Daily</font>",https://news.google.com/rss/articles/CBMigwFBVV95cUxQa2hmWjNVR0dUcXFZbFo5OHZIM3JWU1dmRTdiVTBfMDQxSVd4UlpUM0ttZDg3V0tfSWVtQ0VpNWxkZkJmc3Q2d2FGMm9RR2pCc2Mtd2UzSTU5OWIycmlPaFhEM09WekNtaVJibUVNY3psTDVDTVU2aXV6YW5nZVR4VjNGaw?oc=5
2025-09-15T00:00:00+00:00,2025-09-15,Seeking Alpha,Apple: Another Air Ball (NASDAQ:AAPL) - Seeking Alpha,"<a href=""https://news.google.com/rss/articles/CBMicEFVX3lxTE1QYXBCUnhKRWhLQkJVVlZ2a3BvT05IZl9sWGJydzNub0xmMVhqTTF1T0RhYUxlcFdCMHVsTmE1N3ZqTThZRTE1ekZ1WXFjNXNveU80WldtOGdPdmJrVEF0NUJ5RUtrdUZZYWstR0ptTGc?oc=5"" target=""_blank"">Apple: Another Air Ball (NASDAQ:AAPL)</a>&nbsp;&nbsp;<font color=""#6f6f6f"">Seeking Alpha</font>",https://news.google.com/rss/articles/CBMicEFVX3lxTE1QYXBCUnhKRWhLQkJVVlZ2a3BvT05IZl9sWGJydzNub0xmMVhqTTF1T0RhYUxlcFdCMHVsTmE1N3ZqTThZRTE1ekZ1WXFjNXNveU80WldtOGdPdmJrVEF0NUJ5RUtrdUZZYWstR0ptTGc?oc=5
2025-09-15T15:25:06+00:00,2025-09-15,parameter.io,Apple (AAPL) Stock: Cramer Remains Bullish Despite Launch Day Selloff. Here’s Why - parameter.io,"<a href=""https://news.google.com/rss/articles/CBMinwFBVV95cUxOdkVNb1RPS1c4cDMtN2NfWEpQYnFrb3pvaDdPaE1FLUFiT01nX0kwcHZNTi0zdzR2TDc0bGY0Z1JOb05hb2xzWF9zLU51WmhsUnN5T2dGZ1BTQTJrZ3RQQjA4ZjZ0TW1mdVh4UU1tTU16OXc1N1FIRGlSZW04cG9NZ0F1VzZfTE43UWdBSW00ZUY3WG9pc1p0anV1eXhsYUE?oc=5"" target=""_blank"">Apple (AAPL) Stock: Cramer Remains Bullish Despite Launch Day Selloff. Here’s Why</a>&nbsp;&nbsp;<font color=""#6f6f6f"">parameter.io</font>",https://news.google.com/rss/articles/CBMinwFBVV95cUxOdkVNb1RPS1c4cDMtN2NfWEpQYnFrb3pvaDdPaE1FLUFiT01nX0kwcHZNTi0zdzR2TDc0bGY0Z1JOb05hb2xzWF9zLU51WmhsUnN5T2dGZ1BTQTJrZ3RQQjA4ZjZ0TW1mdVh4UU1tTU16OXc1N1FIRGlSZW04cG9NZ0F1VzZfTE43UWdBSW00ZUY3WG9pc1p0anV1eXhsYUE?oc=5
2025-09-10T14:34:00+00:00,2025-09-10,MarketWatch,Don’t let Apple’s stock dip fool you. The iPhone 17 could power a big rally. - MarketWatch,"<a href=""https://news.google.com/rss/articles/CBMitgFBVV95cUxOWWs1Q0ZlLVUwODBkR1hsbENrdklQTnVERUpxMnBGYWhhU3lYajI1QzI5Skk1RzhmU3hRZUVnb3ROWURIMjlBLTlndmlDSHA0RVRhcTVyem12Zmp3LVp1YnB4YXBhS3Nyb1djSEJabXNsRmJEbGllWlN0SC1ZZ3hyM1hyZmhGV2pUQUQyWHo5N2czaVVkYklnT0g4UTBucHRJY3M1dWx0VTJLdld1SmdCNVE3ZW15QQ?oc=5"" target=""_blank"">Don’t let Apple’s stock dip fool you. The iPhone 17 could power a big rally.</a>&nbsp;&nbsp;<font color=""#6f6f6f"">MarketWatch</font>",https://news.google.com/rss/articles/CBMitgFBVV95cUxOWWs1Q0ZlLVUwODBkR1hsbENrdklQTnVERUpxMnBGYWhhU3lYajI1QzI5Skk1RzhmU3hRZUVnb3ROWURIMjlBLTlndmlDSHA0RVRhcTVyem12Zmp3LVp1YnB4YXBhS3Nyb1djSEJabXNsRmJEbGllWlN0SC1ZZ3hyM1hyZmhGV2pUQUQyWHo5N2czaVVkYklnT0g4UTBucHRJY3M1dWx0VTJLdld1SmdCNVE3ZW15QQ?oc=5
2025-09-13T00:40:23+00:00,2025-09-13,Yahoo Finance,How To Earn $500 A Month From Apple Stock - Yahoo Finance,"<a href=""https://news.google.com/rss/articles/CBMifEFVX3lxTE9yUDVmNzNFZVBUeW13ekY3VjRSRlNtUDR0akU4MmtqQm5XT3NNdEJZWXlLRGd5d0c4dy1fUWhoWG9Dbms4M2VDb2lEN2tpWnpqeW9tLV92OHdkdDBfNl82b25SQXNVWnI3dy1CQzhydmFHbE9FV1I5c1J3aDE?oc=5"" target=""_blank"">How To Earn $500 A Month From Apple Stock</a>&nbsp;&nbsp;<font color=""#6f6f6f"">Yahoo Finance</font>",https://news.google.com/rss/articles/CBMifEFVX3lxTE9yUDVmNzNFZVBUeW13ekY3VjRSRlNtUDR0akU4MmtqQm5XT3NNdEJZWXlLRGd5d0c4dy1fUWhoWG9Dbms4M2VDb2lEN2tpWnpqeW9tLV92OHdkdDBfNl82b25SQXNVWnI3dy1CQzhydmFHbE9FV1I5c1J3aDE?oc=5
2025-09-15T18:47:09+00:00,2025-09-15,CNBC,What promising early signs of iPhone 17 demand mean for Apple investors - CNBC,"<a href=""https://news.google.com/rss/articles/CBMirAFBVV95cUxQMlNKR0EwWTRqLXotY3VGZmM3djNNTTJpVy1lOGMtbmEwMXktSWdOaXk3VXJTeU55SFZhbWFaejRjQXY0Sk9SdXpRTTBJLVBCdGgwSHRMTnNXOUVETk9yc3gtcEFiLUlPTFR4QlNsbmxGYUlXaGxsanQ3NHFYeVdPTXcwQU8wZjQ5VGVPY1R3M2p5d1FwYkg1b2xOcF9wdm1VWGE5cFNBN2NFTldH?oc=5"" target=""_blank"">What promising early signs of iPhone 17 demand mean for Apple investors</a>&nbsp;&nbsp;<font color=""#6f6f6f"">CNBC</font>",https://news.google.com/rss/articles/CBMirAFBVV95cUxQMlNKR0EwWTRqLXotY3VGZmM3djNNTTJpVy1lOGMtbmEwMXktSWdOaXk3VXJTeU55SFZhbWFaejRjQXY0Sk9SdXpRTTBJLVBCdGgwSHRMTnNXOUVETk9yc3gtcEFiLUlPTFR4QlNsbmxGYUlXaGxsanQ3NHFYeVdPTXcwQU8wZjQ5VGVPY1R3M2p5d1FwYkg1b2xOcF9wdm1VWGE5cFNBN2NFTldH?oc=5
2025-09-13T09:00:00+00:00,2025-09-13,Investopedia,Apple's New iPhone 17 Lineup Has Wall Street Already Looking to Next Year - Investopedia,"<a href=""https://news.google.com/rss/articles/CBMisAFBVV95cUxQeGJZS0VXVnhLb0NwWVY1WGxqM0JCOEZQR0ZrdGI3czhKN1JMMzFQZlI2WU9WMXh6WjBvQ2ZWR1REczZLTWpuSDh4WV9DdVY1SjhKbi1UQTF1WXNCLTh0N3E2NHE5b21KRDl3dlBjZ3hnbnZ6cm9UUkphUk5wbUhBUkdMMFl4R2tjSGVVdC1FUnlhNUdFUU1WODRzTGVGZEJZVFd2Ui0tN05vaUlfYmZlMw?oc=5"" target=""_blank"">Apple's New iPhone 17 Lineup Has Wall Street Already Looking to Next Year</a>&nbsp;&nbsp;<font color=""#6f6f6f"">Investopedia</font>",https://news.google.com/rss/articles/CBMisAFBVV95cUxQeGJZS0VXVnhLb0NwWVY1WGxqM0JCOEZQR0ZrdGI3czhKN1JMMzFQZlI2WU9WMXh6WjBvQ2ZWR1REczZLTWpuSDh4WV9DdVY1SjhKbi1UQTF1WXNCLTh0N3E2NHE5b21KRDl3dlBjZ3hnbnZ6cm9UUkphUk5wbUhBUkdMMFl4R2tjSGVVdC1FUnlhNUdFUU1WODRzTGVGZEJZVFd2Ui0tN05vaUlfYmZlMw?oc=5
2025-09-11T16:26:00+00:00,2025-09-11,Investor's Business Daily,Apple Stock: What Investors Need To Know - Investor's Business Daily,"<a href=""https://news.google.com/rss/articles/CBMigAFBVV95cUxPVERzeVVPTkM0eDNzaC1vQUN5SmxLQUZPc0M0R3l1cWE5S3ZoUjRTOFhxU3VWbXlLLUhGOWlWUEIwSENHbUdwekN5X0xteGVwTXU2RTVEOWhvQzlxNGZhY1RiQ090anlRQXR0YTJzYTVuamo0N0pQMW40N2FDWEVzMg?oc=5"" target=""_blank"">Apple Stock: What Investors Need To Know</a>&nbsp;&nbsp;<font color=""#6f6f6f"">Investor's Business Daily</font>",https://news.google.com/rss/articles/CBMigAFBVV95cUxPVERzeVVPTkM0eDNzaC1vQUN5SmxLQUZPc0M0R3l1cWE5S3ZoUjRTOFhxU3VWbXlLLUhGOWlWUEIwSENHbUdwekN5X0xteGVwTXU2RTVEOWhvQzlxNGZhY1RiQ090anlRQXR0YTJzYTVuamo0N0pQMW40N2FDWEVzMg?oc=5
2025-09-16T01:05:13+00:00,2025-09-16,AOL.com,Why Apple Is My Top Stock to Buy Right Now - AOL.com,"<a href=""https://news.google.com/rss/articles/CBMitwFBVV95cUxPRV9PcWZGUS1pQ1VVUmdhMEEzUUgzYVNiZERFa095UTkwVXl0V1B2ODVBLXVTcEtyOUFvMmU1T2I2MGNsMlh5OUYxVjlGd3VwMXFJenlvWEZ6QkFJM1RjUVVzM2YzYV9ZUU9YZEJ5WE8wV3NvMGlIYXV4dGN5NGx3SXgxWHRvSHV0cFpIVm1DWUdzQnhOSThLaTVOTGhDUXZveG83ZmNpTnotTXlCS3dfVV9VTTEwbHM?oc=5"" target=""_blank"">Why Apple Is My Top Stock to Buy Right Now</a>&nbsp;&nbsp;<font color=""#6f6f6f"">AOL.com</font>",https://news.google.com/rss/articles/CBMitwFBVV95cUxPRV9PcWZGUS1pQ1VVUmdhMEEzUUgzYVNiZERFa095UTkwVXl0V1B2ODVBLXVTcEtyOUFvMmU1T2I2MGNsMlh5OUYxVjlGd3VwMXFJenlvWEZ6QkFJM1RjUVVzM2YzYV9ZUU9YZEJ5WE8wV3NvMGlIYXV4dGN5NGx3SXgxWHRvSHV0cFpIVm1DWUdzQnhOSThLaTVOTGhDUXZveG83ZmNpTnotTXlCS3dfVV9VTTEwbHM?oc=5
2025-09-15T18:28:00+00:00,2025-09-15,Syracuse.com,Target will have the newest Apple AirPods Pro 3 in stock this week - How much will it cost? - Syracuse.com,"<a href=""https://news.google.com/rss/articles/CBMi0AFBVV95cUxPTTZMendoQ1pqZHl0dTBJby1Ib1lIdExyRS1wWl96WUttTmRpN1doVnVxMjU5N2hDbFVvWmFSdVVXM3paS2R0Z3VrZFN4bC1FNldwRndCQ3lSQzJFUXMyNHFrS1prWDhHM3E4M3pyWkJsOGtlSGliRGc2TC1OX2VfUy1YR1MyQ2c0TG5VS0dpamtaUDIxMU5wNXpYNWZUSFBDMExxYnBlb282WVN2YmVabWtTTUxGVjVzSU4xWkJ0TGh0NFlOUG1ucXp6SUtqamgx0gHkAUFVX3lxTE1xSGNFM1RnejdsYTBHTWNLZ2xqdnVYdG53ak4wMUFLVEhETTdERThBYXRpR01aSnVaLUNJd0M0a3IwVUxtZWZHelE2ZFAwc2t2dTZOaGhwNE5DbDV0S3VnNk11R05oQXM2X29vbDE2YlFDcEt1OFU3YmY4cHE4dWxUck1lLXFCaG92WXYxQjMybjdXMXhUei1YVnpHRm5tMC1SX1gwSmpBam03ZlZrNVRaa21jeHpUbS1iVnNvWFdNSUdmVGpueWUzLUpzQlpnaGpoUDV0N0JqcmVWUlJiYkJaR25QNQ?oc=5"" target=""_blank"">Target will have the newest Apple AirPods Pro 3 in stock this week - How much will it cost?</a>&nbsp;&nbsp;<font color=""#6f6f6f"">Syracuse.com</font>",https://news.google.com/rss/articles/CBMi0AFBVV95cUxPTTZMendoQ1pqZHl0dTBJby1Ib1lIdExyRS1wWl96WUttTmRpN1doVnVxMjU5N2hDbFVvWmFSdVVXM3paS2R0Z3VrZFN4bC1FNldwRndCQ3lSQzJFUXMyNHFrS1prWDhHM3E4M3pyWkJsOGtlSGliRGc2TC1OX2VfUy1YR1MyQ2c0TG5VS0dpamtaUDIxMU5wNXpYNWZUSFBDMExxYnBlb282WVN2YmVabWtTTUxGVjVzSU4xWkJ0TGh0NFlOUG1ucXp6SUtqamgx0gHkAUFVX3lxTE1xSGNFM1RnejdsYTBHTWNLZ2xqdnVYdG53ak4wMUFLVEhETTdERThBYXRpR01aSnVaLUNJd0M0a3IwVUxtZWZHelE2ZFAwc2t2dTZOaGhwNE5DbDV0S3VnNk11R05oQXM2X29vbDE2YlFDcEt1OFU3YmY4cHE4dWxUck1lLXFCaG92WXYxQjMybjdXMXhUei1YVnpHRm5tMC1SX1gwSmpBam03ZlZrNVRaa21jeHpUbS1iVnNvWFdNSUdmVGpueWUzLUpzQlpnaGpoUDV0N0JqcmVWUlJiYkJaR25QNQ?oc=5
2025-09-15T12:18:58+00:00,2025-09-15,Seeking Alpha,"Apple iPhone 17 is 'starting strong,' even with iPhone Air wildcard, analysts believe (AAPL:NASDAQ) - Seeking Alpha","<a href=""https://news.google.com/rss/articles/CBMiuwFBVV95cUxOREFxNWRRbE90TGVkOGlEVmlRaUxMWE9KdXNieDI1MmI2aGxTUkdsWXBQRFFWTWdJWGZON3A3eGdkZ2UwQVVDNW1EeW9tRHFXTGVobjhUWmJDNEg0amZMZHdGdEs1cW5tTjRDWVN4OWdkaURlanF6Z0JvaXZBMWpJVF9fQklmLWJ1Wl9MSldVQnZtRjdRNmZJRjBkZ0oyU2RKdjFLZ3Bsc2dudnVxN0U2VkhUa2Q1bXVpRV9j?oc=5"" target=""_blank"">Apple iPhone 17 is 'starting strong,' even with iPhone Air wildcard, analysts believe (AAPL:NASDAQ)</a>&nbsp;&nbsp;<font color=""#6f6f6f"">Seeking Alpha</font>",https://news.google.com/rss/articles/CBMiuwFBVV95cUxOREFxNWRRbE90TGVkOGlEVmlRaUxMWE9KdXNieDI1MmI2aGxTUkdsWXBQRFFWTWdJWGZON3A3eGdkZ2UwQVVDNW1EeW9tRHFXTGVobjhUWmJDNEg0amZMZHdGdEs1cW5tTjRDWVN4OWdkaURlanF6Z0JvaXZBMWpJVF9fQklmLWJ1Wl9MSldVQnZtRjdRNmZJRjBkZ0oyU2RKdjFLZ3Bsc2dudnVxN0U2VkhUa2Q1bXVpRV9j?oc=5
2025-09-15T10:20:00+00:00,2025-09-15,CNET,Retailers Clear Out Remaining Apple Watch Ultra 2 Stock as Ultra 3 Nears - CNET,"<a href=""https://news.google.com/rss/articles/CBMiogFBVV95cUxNeUczbXdWUy1qOHc1VDNWN0NOc25kWTdaUFhDbXZROUtha2t6RTFRYXJIUmxGRnl3TVFFakNZcG5oWXJNV05wUVBaaFl0SnFMLWFSQkFQLTVFTTlockhPa1o2ZzVBd3Z4cExOcFJQM0xHUXJhLTExc1pUcVV0aG1mcDVPNDEzdndsNGhCZnpjV2NlNTYtRktOem9zcDB1c3dLZFE?oc=5"" target=""_blank"">Retailers Clear Out Remaining Apple Watch Ultra 2 Stock as Ultra 3 Nears</a>&nbsp;&nbsp;<font color=""#6f6f6f"">CNET</font>",https://news.google.com/rss/articles/CBMiogFBVV95cUxNeUczbXdWUy1qOHc1VDNWN0NOc25kWTdaUFhDbXZROUtha2t6RTFRYXJIUmxGRnl3TVFFakNZcG5oWXJNV05wUVBaaFl0SnFMLWFSQkFQLTVFTTlockhPa1o2ZzVBd3Z4cExOcFJQM0xHUXJhLTExc1pUcVV0aG1mcDVPNDEzdndsNGhCZnpjV2NlNTYtRktOem9zcDB1c3dLZFE?oc=5
2025-09-15T19:00:49+00:00,2025-09-15,Investing.com,Affirm stock rises as payment options expand to Apple Pay in-store - Investing.com,"<a href=""https://news.google.com/rss/articles/CBMixgFBVV95cUxQcDlkNjFjUXV1aWp1eVAxYXZZU1E0WVd6NUI1eHBqSHR2NmlOX1ljdjIzbUNKYlZkWEYzcXFqejhITnFWYUlvZjU3V0hOdGVPRXFLdTk0ZDBsOHVpaUxqNzJqdkMwVjQyNW9aVmdEU2hvUEFyaVdkcXJrYjJNWVZ4MEpTUGZvX0pCQ0tQQXZVdk9BNmx0c3MtazBXRHloWE5udER1aWdoUVFNbG9zSjFQM0JTVnBvSFplSlZDTVl5ZjdxbHJKdUE?oc=5"" target=""_blank"">Affirm stock rises as payment options expand to Apple Pay in-store</a>&nbsp;&nbsp;<font color=""#6f6f6f"">Investing.com</font>",https://news.google.com/rss/articles/CBMixgFBVV95cUxQcDlkNjFjUXV1aWp1eVAxYXZZU1E0WVd6NUI1eHBqSHR2NmlOX1ljdjIzbUNKYlZkWEYzcXFqejhITnFWYUlvZjU3V0hOdGVPRXFLdTk0ZDBsOHVpaUxqNzJqdkMwVjQyNW9aVmdEU2hvUEFyaVdkcXJrYjJNWVZ4MEpTUGZvX0pCQ0tQQXZVdk9BNmx0c3MtazBXRHloWE5udER1aWdoUVFNbG9zSjFQM0JTVnBvSFplSlZDTVl5ZjdxbHJKdUE?oc=5
2025-09-15T16:15:53+00:00,2025-09-15,The Motley Fool,Has Apple Lost Its Magic? - The Motley Fool,"<a href=""https://news.google.com/rss/articles/CBMidkFVX3lxTFBWcHVWV2pqX3pSM1ZhM3pPeHdWdzNXeFNNTFl5aGVsd0lwZjE4V1ZkeHZMRXI1MV85RkVCOEk0cGdQMTh6VnB4ZEFCVGE0dXZEcXV6VG1BeGowQWw2ZVlRMnpLMXBnS3ZkNnBCalNWVUR3NHVhV0E?oc=5"" target=""_blank"">Has Apple Lost Its Magic?</a>&nbsp;&nbsp;<font color=""#6f6f6f"">The Motley Fool</font>",https://news.google.com/rss/articles/CBMidkFVX3lxTFBWcHVWV2pqX3pSM1ZhM3pPeHdWdzNXeFNNTFl5aGVsd0lwZjE4V1ZkeHZMRXI1MV85RkVCOEk0cGdQMTh6VnB4ZEFCVGE0dXZEcXV6VG1BeGowQWw2ZVlRMnpLMXBnS3ZkNnBCalNWVUR3NHVhV0E?oc=5
2025-09-16T02:45:31+00:00,2025-09-16,Stocktwits,"Google's Gemini Climbs To Top Of Apple's App Store Free App Rankings, Even As Elon Musk Cries Rigging - Stocktwits","<a href=""https://news.google.com/rss/articles/CBMi0AFBVV95cUxQQWRRMFN1ZUZMZFVjY21HYjhtRktvU010Z0FpSnpucEFJWVN6cTk3M0RmT0w3YlV2RHd4ZlYyTzhPSmZnbFRnU1hOSnVsa3owWGhXS2RFM0J5VGppNThucU1Xelpnck1Wa0pVLXRvcGpibnowTWNNLUtPN0I4TnNwNnNERFBRNHJ0OHR3RzUxYlV3YlE3Sm42bmZLZURUN1BFZm5iN1g2NHlWWkh5aXVaZHBvRFVZakdOQ0trdnZDMG81ZElQTXZCQlFIUWtHanpf?oc=5"" target=""_blank"">Google's Gemini Climbs To Top Of Apple's App Store Free App Rankings, Even As Elon Musk Cries Rigging</a>&nbsp;&nbsp;<font color=""#6f6f6f"">Stocktwits</font>",https://news.google.com/rss/articles/CBMi0AFBVV95cUxQQWRRMFN1ZUZMZFVjY21HYjhtRktvU010Z0FpSnpucEFJWVN6cTk3M0RmT0w3YlV2RHd4ZlYyTzhPSmZnbFRnU1hOSnVsa3owWGhXS2RFM0J5VGppNThucU1Xelpnck1Wa0pVLXRvcGpibnowTWNNLUtPN0I4TnNwNnNERFBRNHJ0OHR3RzUxYlV3YlE3Sm42bmZLZURUN1BFZm5iN1g2NHlWWkh5aXVaZHBvRFVZakdOQ0trdnZDMG81ZElQTXZCQlFIUWtHanpf?oc=5
2025-09-07T07:00:00+00:00,2025-09-07,Yahoo Finance,Why TD Cowen Stays Bullish on Apple (AAPL) Stock at $275 PT - Yahoo Finance,"<a href=""https://news.google.com/rss/articles/CBMifEFVX3lxTFBsRFU0QzJfUjY4T2tuczlwM2RWSmdpdGVLeFZ4XzluODVyVWY2NXdXcWMtV181Skx3eUVfTlhYeFZnRXBLYUxtVVV6YUNpQ0MtT0hGcnRTdE1PVVFhVGpYbnRrd2FlYzJ1UDlldEJCQXRydVdvMV9xdVJnMTE?oc=5"" target=""_blank"">Why TD Cowen Stays Bullish on Apple (AAPL) Stock at $275 PT</a>&nbsp;&nbsp;<font color=""#6f6f6f"">Yahoo Finance</font>",https://news.google.com/rss/articles/CBMifEFVX3lxTFBsRFU0QzJfUjY4T2tuczlwM2RWSmdpdGVLeFZ4XzluODVyVWY2NXdXcWMtV181Skx3eUVfTlhYeFZnRXBLYUxtVVV6YUNpQ0MtT0hGcnRTdE1PVVFhVGpYbnRrd2FlYzJ1UDlldEJCQXRydVdvMV9xdVJnMTE?oc=5
2025-09-12T22:41:08+00:00,2025-09-12,CNBC,Tim Cook explains why Apple is investing heavily in Corning's glass factory - CNBC,"<a href=""https://news.google.com/rss/articles/CBMisAFBVV95cUxQWDBPaGwxQ0JSZmJOT3VWZU81QmFtejh5R01zMU5FS0RQTjVmVWotQ3d5aHNBZXc3bkU3eklqaWozX1E2UDhRWE5BcGxmX3BMaERMNkRRR3BjWldBVE5vazl2VWpKSDA0Z0l0NTA1M19fa3IyNHdRZV9YLTZZems5czNYWXNiQ0lyeDlIblhjMGRHcWhtdGVKcXAwWUVGVHNpbWhpa2xac2txdm45UFRMV9IBtgFBVV95cUxNT1hiRzZOS0o0ZmJXbFBlNUkwMlk2TExHdGR5cHJOZng5cUpRQTJLTlBHM3F1X1NvcXhPMGNIdTBYVTJrcHZqYW5NLVVaMkllRUZoRVJOTUt5S0owVVhZMjhsTVdZT0RkT0tHQ3U4cjNWMkItbVpEOFhlREg0aE9wSUpYQlBzdjlmbTJuMElGSlFjcEJjaG9YV0ppVk5lUzNhcHBzemZwSmhfR1dRbkRzQ0x5c20zQQ?oc=5"" target=""_blank"">Tim Cook explains why Apple is investing heavily in Corning's glass factory</a>&nbsp;&nbsp;<font color=""#6f6f6f"">CNBC</font>",https://news.google.com/rss/articles/CBMisAFBVV95cUxQWDBPaGwxQ0JSZmJOT3VWZU81QmFtejh5R01zMU5FS0RQTjVmVWotQ3d5aHNBZXc3bkU3eklqaWozX1E2UDhRWE5BcGxmX3BMaERMNkRRR3BjWldBVE5vazl2VWpKSDA0Z0l0NTA1M19fa3IyNHdRZV9YLTZZems5czNYWXNiQ0lyeDlIblhjMGRHcWhtdGVKcXAwWUVGVHNpbWhpa2xac2txdm45UFRMV9IBtgFBVV95cUxNT1hiRzZOS0o0ZmJXbFBlNUkwMlk2TExHdGR5cHJOZng5cUpRQTJLTlBHM3F1X1NvcXhPMGNIdTBYVTJrcHZqYW5NLVVaMkllRUZoRVJOTUt5S0owVVhZMjhsTVdZT0RkT0tHQ3U4cjNWMkItbVpEOFhlREg0aE9wSUpYQlBzdjlmbTJuMElGSlFjcEJjaG9YV0ppVk5lUzNhcHBzemZwSmhfR1dRbkRzQ0x5c20zQQ?oc=5
2025-09-03T07:00:00+00:00,2025-09-03,Yahoo Finance,Why Apple (AAPL) Stock Is Trading Up Today - Yahoo Finance,"<a href=""https://news.google.com/rss/articles/CBMif0FVX3lxTE0yX2VSSGhNSzQzalZKSElYY0VsMk1BeXJqUVk5aFloYm1ueEhOMUs4QS1BVUxLQ2lKbzJ0a1hZNk9QbFA4R1UtZlFnYkh6Z3otbmFDdWVTRUxjcktnWExoNW95OEpZVDJBOV9xemxjWDRzNDJjUHd1QlM2aWZ3Sjg?oc=5"" target=""_blank"">Why Apple (AAPL) Stock Is Trading Up Today</a>&nbsp;&nbsp;<font color=""#6f6f6f"">Yahoo Finance</font>",https://news.google.com/rss/articles/CBMif0FVX3lxTE0yX2VSSGhNSzQzalZKSElYY0VsMk1BeXJqUVk5aFloYm1ueEhOMUs4QS1BVUxLQ2lKbzJ0a1hZNk9QbFA4R1UtZlFnYkh6Z3otbmFDdWVTRUxjcktnWExoNW95OEpZVDJBOV9xemxjWDRzNDJjUHd1QlM2aWZ3Sjg?oc=5
2025-09-13T07:40:00+00:00,2025-09-13,The Motley Fool,Is Apple Stock as Good as Nvidia? - The Motley Fool,"<a href=""https://news.google.com/rss/articles/CBMigAFBVV95cUxNdHY3NFZkRkhxeFZZYUV0cUtNdnBwVXhIRHM1Z0RnX1Y2T1RzMkZxcWRaWEFpNkJ2UmZEdmVITkZxN1E4cXB3dV80LXBWV3lkZlJpTjE5VG0xWU50dWgxZW5IeHdEVFNvVFUtc3gwSWxzYmR2NVg0MXFsOUxFS0o4cg?oc=5"" target=""_blank"">Is Apple Stock as Good as Nvidia?</a>&nbsp;&nbsp;<font color=""#6f6f6f"">The Motley Fool</font>",https://news.google.com/rss/articles/CBMigAFBVV95cUxNdHY3NFZkRkhxeFZZYUV0cUtNdnBwVXhIRHM1Z0RnX1Y2T1RzMkZxcWRaWEFpNkJ2UmZEdmVITkZxN1E4cXB3dV80LXBWV3lkZlJpTjE5VG0xWU50dWgxZW5IeHdEVFNvVFUtc3gwSWxzYmR2NVg0MXFsOUxFS0o4cg?oc=5
2025-09-15T09:11:00+00:00,2025-09-15,The Motley Fool,"Prediction: This ""Ten Titans"" Growth Stock Will Join Nvidia, Microsoft, Apple, Alphabet, Amazon, Broadcom, and Meta Platforms in the $2 Trillion Club by 2030 - The Motley Fool","<a href=""https://news.google.com/rss/articles/CBMikAFBVV95cUxOTFJLX2JsMkNWRjRXdzlGWkVtSXpLV25WZ0hNdkZ0ZG5qRzVqR0tHSWRXQklXWFVmdWRpazdaM0JMZkFmeHVRa3ViN0dCTURueXV5bm1pNzZ6WEFnT0FjNW5qNHgyWVJTY1dmdzFsWEs3cXc1bTB2dFdRaExXNlB1NnRYbTdVTUV6WG5LczJRd0Y?oc=5"" target=""_blank"">Prediction: This ""Ten Titans"" Growth Stock Will Join Nvidia, Microsoft, Apple, Alphabet, Amazon, Broadcom, and Meta Platforms in the $2 Trillion Club by 2030</a>&nbsp;&nbsp;<font color=""#6f6f6f"">The Motley Fool</font>",https://news.google.com/rss/articles/CBMikAFBVV95cUxOTFJLX2JsMkNWRjRXdzlGWkVtSXpLV25WZ0hNdkZ0ZG5qRzVqR0tHSWRXQklXWFVmdWRpazdaM0JMZkFmeHVRa3ViN0dCTURueXV5bm1pNzZ6WEFnT0FjNW5qNHgyWVJTY1dmdzFsWEs3cXc1bTB2dFdRaExXNlB1NnRYbTdVTUV6WG5LczJRd0Y?oc=5
2025-09-15T23:37:30+00:00,2025-09-15,TipRanks,Apple’s (AAPL) Record-Breaking iPhone 17 Preorders Signal Strong Demand - TipRanks,"<a href=""https://news.google.com/rss/articles/CBMioAFBVV95cUxNVWg4dmJxSU4zVF9EbXRkQW12WExEWVhtYjB3OE9hMHEtX0JDNkhIWjBJZVJsUzk5VzJZRVpwM05wbG1WeW1sT1UtMHcyMWtraHFveHZDamJEMnpYSk02aERGamtWQ1ZDLUt5SUNJT3V2TGFmSTA0MGJSQ0RhS1hyMGVlOFlZNDhRYkF4bDA2VG9FQzNabW52cnotTHRBMTZQ?oc=5"" target=""_blank"">Apple’s (AAPL) Record-Breaking iPhone 17 Preorders Signal Strong Demand</a>&nbsp;&nbsp;<font color=""#6f6f6f"">TipRanks</font>",https://news.google.com/rss/articles/CBMioAFBVV95cUxNVWg4dmJxSU4zVF9EbXRkQW12WExEWVhtYjB3OE9hMHEtX0JDNkhIWjBJZVJsUzk5VzJZRVpwM05wbG1WeW1sT1UtMHcyMWtraHFveHZDamJEMnpYSk02aERGamtWQ1ZDLUt5SUNJT3V2TGFmSTA0MGJSQ0RhS1hyMGVlOFlZNDhRYkF4bDA2VG9FQzNabW52cnotTHRBMTZQ?oc=5
2025-09-08T19:02:00+00:00,2025-09-08,Yahoo Finance,Why Apple's stock may not move much on new product announcements - Yahoo Finance,"<a href=""https://news.google.com/rss/articles/CBMie0FVX3lxTE1EVUdxekZZem1TbzNfNkQ0Q2ZKUHpOdUxvVUJiRUxxZ1UwdXdNNlpwNi0yRnJfQWxVVmpDN3JPQnN5elpFbXFKcF8zeUpyTmZYSUJua2VYSVF3TXJvSHFyTTNqUTg1dnp1SkJJbXZDZVZnMGNYZkQwWEZUOA?oc=5"" target=""_blank"">Why Apple's stock may not move much on new product announcements</a>&nbsp;&nbsp;<font color=""#6f6f6f"">Yahoo Finance</font>",https://news.google.com/rss/articles/CBMie0FVX3lxTE1EVUdxekZZem1TbzNfNkQ0Q2ZKUHpOdUxvVUJiRUxxZ1UwdXdNNlpwNi0yRnJfQWxVVmpDN3JPQnN5elpFbXFKcF8zeUpyTmZYSUJua2VYSVF3TXJvSHFyTTNqUTg1dnp1SkJJbXZDZVZnMGNYZkQwWEZUOA?oc=5
2025-09-04T07:00:00+00:00,2025-09-04,Yahoo Finance,"Buy, Sell or Hold the Apple Stock Ahead of the Sept. 9 Event? - Yahoo Finance","<a href=""https://news.google.com/rss/articles/CBMie0FVX3lxTE1YOFNuRE5YcEhWd2o2THczdWw5cXgwY3lvRmdZdmJ1RnZNZ0lqZlc3ZUI3SzZpMnpjdGFybXdsenlUN2JTdUFnMTZBMG5ZNURBeG5FaHVfbURwNEE0OUZsZ1cxS29tdEFlWFd1cXp0X2p0SEFIWkNtYXRtcw?oc=5"" target=""_blank"">Buy, Sell or Hold the Apple Stock Ahead of the Sept. 9 Event?</a>&nbsp;&nbsp;<font color=""#6f6f6f"">Yahoo Finance</font>",https://news.google.com/rss/articles/CBMie0FVX3lxTE1YOFNuRE5YcEhWd2o2THczdWw5cXgwY3lvRmdZdmJ1RnZNZ0lqZlc3ZUI3SzZpMnpjdGFybXdsenlUN2JTdUFnMTZBMG5ZNURBeG5FaHVfbURwNEE0OUZsZ1cxS29tdEFlWFd1cXp0X2p0SEFIWkNtYXRtcw?oc=5
2025-09-13T14:30:00+00:00,2025-09-13,Nasdaq,Massive News for Apple Stock Investors - Nasdaq,"<a href=""https://news.google.com/rss/articles/CBMid0FVX3lxTFBEaWZJdmZlNnMzUzVuZEFYcnpURFpxZVB3WjhPTVhYS01iT2xpZTE3UDJCMEt6bVJObm5JRmdrVlkza2xiMjZSTXp1QkFaVXI5YkZ6QlRvRmJoSFZZbXkxa2E0MThpRWJkQXdwOVBoOXRVa3AtU0w4?oc=5"" target=""_blank"">Massive News for Apple Stock Investors</a>&nbsp;&nbsp;<font color=""#6f6f6f"">Nasdaq</font>",https://news.google.com/rss/articles/CBMid0FVX3lxTFBEaWZJdmZlNnMzUzVuZEFYcnpURFpxZVB3WjhPTVhYS01iT2xpZTE3UDJCMEt6bVJObm5JRmdrVlkza2xiMjZSTXp1QkFaVXI5YkZ6QlRvRmJoSFZZbXkxa2E0MThpRWJkQXdwOVBoOXRVa3AtU0w4?oc=5
2025-09-12T15:53:02+00:00,2025-09-12,Yahoo Finance,"As Apple Unveils the iPhone 17 Lineup, Should You Buy, Sell, or Hold AAPL Stock? - Yahoo Finance","<a href=""https://news.google.com/rss/articles/CBMiggFBVV95cUxNaFdTakhPUzlSQ3dfQkFCd0ZOdjJoM0I1NFNFT1djRHpIMGo2bWJHMGVRWkRPWGpfNnMyb3ZQT00ySnJyWFhRMC02cDJ6MUxkMnNPVmUtV1FaMFM3SDVKQk9MZHlrb1p5dFVwVFduWEhTMm5LeFc3a2pMWl80cWYxSGdB?oc=5"" target=""_blank"">As Apple Unveils the iPhone 17 Lineup, Should You Buy, Sell, or Hold AAPL Stock?</a>&nbsp;&nbsp;<font color=""#6f6f6f"">Yahoo Finance</font>",https://news.google.com/rss/articles/CBMiggFBVV95cUxNaFdTakhPUzlSQ3dfQkFCd0ZOdjJoM0I1NFNFT1djRHpIMGo2bWJHMGVRWkRPWGpfNnMyb3ZQT00ySnJyWFhRMC02cDJ6MUxkMnNPVmUtV1FaMFM3SDVKQk9MZHlrb1p5dFVwVFduWEhTMm5LeFc3a2pMWl80cWYxSGdB?oc=5
2025-09-13T07:40:00+00:00,2025-09-13,Yahoo Finance,Is Apple Stock as Good as Nvidia? - Yahoo Finance,"<a href=""https://news.google.com/rss/articles/CBMiqgFBVV95cUxQRVlNZTU5bTNuQWtXNk1jQ3VOeU1BeWF1UjNLUEpVYlBUbDFPVTVVM1MtR2h0TnlGNEpfVEZ4Q0VNOGhpcG9rSzk1MmVSNFQ0dkt0QUZ0bEMzSTFsLXQ1N1Q3UWh1OC11UkxzMWw0VjJsVmFDSnBDTG90UG9GRzd0TkV3Ti1IYk1JejFlOE52VHFBR2JqdzU5ZEFxODBPRmh5VUJYMDlLQjI1UQ?oc=5"" target=""_blank"">Is Apple Stock as Good as Nvidia?</a>&nbsp;&nbsp;<font color=""#6f6f6f"">Yahoo Finance</font>",https://news.google.com/rss/articles/CBMiqgFBVV95cUxQRVlNZTU5bTNuQWtXNk1jQ3VOeU1BeWF1UjNLUEpVYlBUbDFPVTVVM1MtR2h0TnlGNEpfVEZ4Q0VNOGhpcG9rSzk1MmVSNFQ0dkt0QUZ0bEMzSTFsLXQ1N1Q3UWh1OC11UkxzMWw0VjJsVmFDSnBDTG90UG9GRzd0TkV3Ti1IYk1JejFlOE52VHFBR2JqdzU5ZEFxODBPRmh5VUJYMDlLQjI1UQ?oc=5
2025-09-12T07:00:00+00:00,2025-09-12,The Motley Fool,Massive News for Apple Stock Investors - The Motley Fool,"<a href=""https://news.google.com/rss/articles/CBMiiAFBVV95cUxOdmRIRV94dkhGWjZzME1nSHJkbG40dEdOdzlnZHhXc2E3d3RhQlg2ejk4RTFMZjY0S1pxY0d6MkZzNm40QzFPVDdVLXB2OUthekxBQWxWdU1iTndEUURESWtqUnhhSGE3YXAwaDdteU51Nm1PRnZSalhNY2FMcllWZl9WbGZWeE9Q?oc=5"" target=""_blank"">Massive News for Apple Stock Investors</a>&nbsp;&nbsp;<font color=""#6f6f6f"">The Motley Fool</font>",https://news.google.com/rss/articles/CBMiiAFBVV95cUxOdmRIRV94dkhGWjZzME1nSHJkbG40dEdOdzlnZHhXc2E3d3RhQlg2ejk4RTFMZjY0S1pxY0d6MkZzNm40QzFPVDdVLXB2OUthekxBQWxWdU1iTndEUURESWtqUnhhSGE3YXAwaDdteU51Nm1PRnZSalhNY2FMcllWZl9WbGZWeE9Q?oc=5
2025-08-25T07:00:00+00:00,2025-08-25,Investor's Business Daily,Why Apple Stock Could Sell Off After iPhone 17 Reveal - Investor's Business Daily,"<a href=""https://news.google.com/rss/articles/CBMipAFBVV95cUxNWkhUU29SVEVMVDNiZlpCSjVhM0hva2dsNUlndG9FX0VCNzViWDNYa3dhdkxMRmRlNzExQkV3aGpMODZvb3loR0xmbWhwUWFDaDgwTlhhcHFoYUpjczd4dXRGOFA1bGcteWlDNURDdm5xTjBkVHQwRG0ySXdKMWhvREZadWFmRlM2WTBVZFpFTllPUjE1M0NwLVhVaklCT05EYThXTg?oc=5"" target=""_blank"">Why Apple Stock Could Sell Off After iPhone 17 Reveal</a>&nbsp;&nbsp;<font color=""#6f6f6f"">Investor's Business Daily</font>",https://news.google.com/rss/articles/CBMipAFBVV95cUxNWkhUU29SVEVMVDNiZlpCSjVhM0hva2dsNUlndG9FX0VCNzViWDNYa3dhdkxMRmRlNzExQkV3aGpMODZvb3loR0xmbWhwUWFDaDgwTlhhcHFoYUpjczd4dXRGOFA1bGcteWlDNURDdm5xTjBkVHQwRG0ySXdKMWhvREZadWFmRlM2WTBVZFpFTllPUjE1M0NwLVhVaklCT05EYThXTg?oc=5
2025-09-15T12:10:39+00:00,2025-09-15,MSN,Apple Stock Gains. What Preorders Say About iPhone 17 Demand. - MSN,"<a href=""https://news.google.com/rss/articles/CBMi1gFBVV95cUxPUGI2Z01iNEY2TEdUaENuZC1KRU4yMl91cGFoZVNTZkJYdllKMFFnQUVoODlzcTdjcHlVa2xuWkFCV0tHTTBubTVwd2Jhc25Kd1Vrb2t0RFZUZDBTb2tIamNXdTl2QU0zeTZ6bXJsY0lRZ293YXA0TlFJRDM0cE5oTXZidElYTXNpeEhxQ0xCWGpuNU9qY1VDWnNlSDl0dDNmaG5ycjc1U1IxMm80bzhrZGdKaThNVUttMUJUaXc0OGJMQmkxNVFqVXl5VHRaS01yZjNGV2tn?oc=5"" target=""_blank"">Apple Stock Gains. What Preorders Say About iPhone 17 Demand.</a>&nbsp;&nbsp;<font color=""#6f6f6f"">MSN</font>",https://news.google.com/rss/articles/CBMi1gFBVV95cUxPUGI2Z01iNEY2TEdUaENuZC1KRU4yMl91cGFoZVNTZkJYdllKMFFnQUVoODlzcTdjcHlVa2xuWkFCV0tHTTBubTVwd2Jhc25Kd1Vrb2t0RFZUZDBTb2tIamNXdTl2QU0zeTZ6bXJsY0lRZ293YXA0TlFJRDM0cE5oTXZidElYTXNpeEhxQ0xCWGpuNU9qY1VDWnNlSDl0dDNmaG5ycjc1U1IxMm80bzhrZGdKaThNVUttMUJUaXc0OGJMQmkxNVFqVXl5VHRaS01yZjNGV2tn?oc=5
2025-09-07T15:00:00+00:00,2025-09-07,The Motley Fool,Where Will Apple Stock Be in 3 Years? - The Motley Fool,"<a href=""https://news.google.com/rss/articles/CBMihgFBVV95cUxNN0ppdFE3YTFITHZUV2VzTk03Z0R0U2o1V2xJTFRjNDRFbDZ4aEZsRGhnZm9xVkQwdnktZFdLcHRFZ1dBVzJTN2g3MUFTazhEQ2xtOHM2ZDVZRk45MWtZcWxweWNDcVNIMHVrNzIxajZtZl9RT2JESGlZTmdSMm5odnFTN2hNUQ?oc=5"" target=""_blank"">Where Will Apple Stock Be in 3 Years?</a>&nbsp;&nbsp;<font color=""#6f6f6f"">The Motley Fool</font>",https://news.google.com/rss/articles/CBMihgFBVV95cUxNN0ppdFE3YTFITHZUV2VzTk03Z0R0U2o1V2xJTFRjNDRFbDZ4aEZsRGhnZm9xVkQwdnktZFdLcHRFZ1dBVzJTN2g3MUFTazhEQ2xtOHM2ZDVZRk45MWtZcWxweWNDcVNIMHVrNzIxajZtZl9RT2JESGlZTmdSMm5odnFTN2hNUQ?oc=5
2025-09-12T16:13:15+00:00,2025-09-12,CNBC,"Cramer touts a stock 'deep in the data centers,' partnered with Nvidia, Apple - CNBC","<a href=""https://news.google.com/rss/articles/CBMirwFBVV95cUxOMUtoMnBwNW42eGRvTDRYV1AtMzc0eUphQ0VXMGNsSUl0MUVSdEJvSUJnbzN2N05qeWVXcnlrTE1oOWpxcGR1ZTFxaU81NGgwbEVZUGdCM0llX21IZGY5ZGRYekxzcXdHVEFYblJsUjJpUXAyQXhWR3d2R1BlN1VuU2V6RUREQldSWTR2V3lOZlNXcnJwYUNJd2FCMWQ3TTliQ2lDVDFGTjhnRDNocFZv?oc=5"" target=""_blank"">Cramer touts a stock 'deep in the data centers,' partnered with Nvidia, Apple</a>&nbsp;&nbsp;<font color=""#6f6f6f"">CNBC</font>",https://news.google.com/rss/articles/CBMirwFBVV95cUxOMUtoMnBwNW42eGRvTDRYV1AtMzc0eUphQ0VXMGNsSUl0MUVSdEJvSUJnbzN2N05qeWVXcnlrTE1oOWpxcGR1ZTFxaU81NGgwbEVZUGdCM0llX21IZGY5ZGRYekxzcXdHVEFYblJsUjJpUXAyQXhWR3d2R1BlN1VuU2V6RUREQldSWTR2V3lOZlNXcnJwYUNJd2FCMWQ3TTliQ2lDVDFGTjhnRDNocFZv?oc=5
2025-09-15T12:19:00+00:00,2025-09-15,CNBC,"Here are Monday's biggest analyst calls: Nvidia, Apple, Tesla, Broadcom, CoreWeave, Disney, Palantir, Micron and more - CNBC","<a href=""https://news.google.com/rss/articles/CBMiqAFBVV95cUxQZXVWa3lFeEQwQjdza1Y0dERQV2JZV2NZaG41a3dRQXBuaXQ0YmZwbHRsZWhYbm81R0RWcDRTS1lJUG1pVnZRUzc0Z1BfSlpzNm80WjAwT0g1VktfdEZNaS1uQlRUMzZaODl4VjVBYlVoME5Zdzl2M000NlRGMlNycGNuQkVmM2VBcVE4aFhUUkFuWE1PaUJrTklDVDhUSUxxTC1oQlFwaVk?oc=5"" target=""_blank"">Here are Monday's biggest analyst calls: Nvidia, Apple, Tesla, Broadcom, CoreWeave, Disney, Palantir, Micron and more</a>&nbsp;&nbsp;<font color=""#6f6f6f"">CNBC</font>",https://news.google.com/rss/articles/CBMiqAFBVV95cUxQZXVWa3lFeEQwQjdza1Y0dERQV2JZV2NZaG41a3dRQXBuaXQ0YmZwbHRsZWhYbm81R0RWcDRTS1lJUG1pVnZRUzc0Z1BfSlpzNm80WjAwT0g1VktfdEZNaS1uQlRUMzZaODl4VjVBYlVoME5Zdzl2M000NlRGMlNycGNuQkVmM2VBcVE4aFhUUkFuWE1PaUJrTklDVDhUSUxxTC1oQlFwaVk?oc=5
2025-09-15T07:26:21+00:00,2025-09-15,MarketBeat,Apple Inc. $AAPL Stock Position Lessened by Acadian Asset Management LLC - MarketBeat,"<a href=""https://news.google.com/rss/articles/CBMiywFBVV95cUxObHZ0Nk1OUHJmMTFjN0RPakY5TkdETXZ4YkFuWENnTXo4cC1hTi0zZXpVMzZnblN3R2tiajFCcFZ2cFVEdEZZUTYzSTdZVHlqdjVIbHpzQzRVSHcxcUFWSmtfYllXVmF2b0tyYTQyOFlXYjRGUXpTcnNQVUl5aUVXODFiVFdYZnZUYXJrankwVmF3d3RCZDUyREVYbUFjaTRLaldOR0Z2WXh2Q2V6U1hzNE1SUTBKa3NBMzRKRDBEVkg4Z2Q5d2hhUE9mdw?oc=5"" target=""_blank"">Apple Inc. $AAPL Stock Position Lessened by Acadian Asset Management LLC</a>&nbsp;&nbsp;<font color=""#6f6f6f"">MarketBeat</font>",https://news.google.com/rss/articles/CBMiywFBVV95cUxObHZ0Nk1OUHJmMTFjN0RPakY5TkdETXZ4YkFuWENnTXo4cC1hTi0zZXpVMzZnblN3R2tiajFCcFZ2cFVEdEZZUTYzSTdZVHlqdjVIbHpzQzRVSHcxcUFWSmtfYllXVmF2b0tyYTQyOFlXYjRGUXpTcnNQVUl5aUVXODFiVFdYZnZUYXJrankwVmF3d3RCZDUyREVYbUFjaTRLaldOR0Z2WXh2Q2V6U1hzNE1SUTBKa3NBMzRKRDBEVkg4Z2Q5d2hhUE9mdw?oc=5
2025-09-10T11:19:53+00:00,2025-09-10,INDmoney,Apple Stock Tumbles After iPhone 17 Launch Event; What Went Wrong? - INDmoney,"<a href=""https://news.google.com/rss/articles/CBMiqAFBVV95cUxPUnRPWUR5NEtiQjRvRlNqT0Vfc0hVbHhvYmRQQkF1YjFIWW1qbWxvTFBpVlk2cE5Ga2hyVFZfdzNwZWNhVXBJN0JXRHJkVkg1dy1DNkRvT1VuVTV2MWdSZFVXTEhHbkRQc3JEM2ZKREdrV21BVlI1T3JrOHBDdWtJeGZCRXZsdTZ3S2NHcWNxYzhONFY4SGNGR3RmZ2lBUmsxWkJZOUpicFc?oc=5"" target=""_blank"">Apple Stock Tumbles After iPhone 17 Launch Event; What Went Wrong?</a>&nbsp;&nbsp;<font color=""#6f6f6f"">INDmoney</font>",https://news.google.com/rss/articles/CBMiqAFBVV95cUxPUnRPWUR5NEtiQjRvRlNqT0Vfc0hVbHhvYmRQQkF1YjFIWW1qbWxvTFBpVlk2cE5Ga2hyVFZfdzNwZWNhVXBJN0JXRHJkVkg1dy1DNkRvT1VuVTV2MWdSZFVXTEhHbkRQc3JEM2ZKREdrV21BVlI1T3JrOHBDdWtJeGZCRXZsdTZ3S2NHcWNxYzhONFY4SGNGR3RmZ2lBUmsxWkJZOUpicFc?oc=5
2025-09-13T17:07:00+00:00,2025-09-13,The Motley Fool,"Apple's New Products May Help the Stock, but Services Matter Most Heading Into Fiscal 2026 - The Motley Fool","<a href=""https://news.google.com/rss/articles/CBMimAFBVV95cUxPSkFBbWZYTnJpTWxieXV6bC1MSVFHR21yeWVXTUJFUVJuWGJqeUxsYzY0UHBNUkZzWGg2NHpVWjYyM0c5bHY5aWVsMHlrdlVvR3pMOVRpQWkwdXpobDd4VWtqMFRkcUlZMGJhMFFGcWpYU1hhT2RPMk5Ra1lRdUNSV3RPS3JQUUlEb2FhUm1rNXk1NjNlX2otbg?oc=5"" target=""_blank"">Apple's New Products May Help the Stock, but Services Matter Most Heading Into Fiscal 2026</a>&nbsp;&nbsp;<font color=""#6f6f6f"">The Motley Fool</font>",https://news.google.com/rss/articles/CBMimAFBVV95cUxPSkFBbWZYTnJpTWxieXV6bC1MSVFHR21yeWVXTUJFUVJuWGJqeUxsYzY0UHBNUkZzWGg2NHpVWjYyM0c5bHY5aWVsMHlrdlVvR3pMOVRpQWkwdXpobDd4VWtqMFRkcUlZMGJhMFFGcWpYU1hhT2RPMk5Ra1lRdUNSV3RPS3JQUUlEb2FhUm1rNXk1NjNlX2otbg?oc=5
2025-08-23T07:00:00+00:00,2025-08-23,The Motley Fool,Is Apple Stock Your Ticket to Becoming a Millionaire? - The Motley Fool,"<a href=""https://news.google.com/rss/articles/CBMilwFBVV95cUxQc01velFrQkJnc3pKdGdnNUE1U01LYmRpMjBpXzBpXzRIdkx3X0phWXh5TkdmaEpTRm50d2xQeFJFV1ZYU0plelRvUjVHSGNwbWY5NnYycGtKeXJDVldZZUxXeU9raFc5Y1RRXzUtazA0Q2dHOThEUlNYV0hIUHJoQl8wU2dWMFdtRmF5ODNySkwwQnVreG13?oc=5"" target=""_blank"">Is Apple Stock Your Ticket to Becoming a Millionaire?</a>&nbsp;&nbsp;<font color=""#6f6f6f"">The Motley Fool</font>",https://news.google.com/rss/articles/CBMilwFBVV95cUxQc01velFrQkJnc3pKdGdnNUE1U01LYmRpMjBpXzBpXzRIdkx3X0phWXh5TkdmaEpTRm50d2xQeFJFV1ZYU0plelRvUjVHSGNwbWY5NnYycGtKeXJDVldZZUxXeU9raFc5Y1RRXzUtazA0Q2dHOThEUlNYV0hIUHJoQl8wU2dWMFdtRmF5ODNySkwwQnVreG13?oc=5
2025-09-15T19:04:39+00:00,2025-09-15,Seeking Alpha,Affirm extends BNPL option to Apple Pay in-store transactions (AFRM:NASDAQ) - Seeking Alpha,"<a href=""https://news.google.com/rss/articles/CBMioAFBVV95cUxOal9BNHduNDVFMUVEQ0VfNjVOanFkMV9rd1hudDZaMzV5ai00TTNUM3hSSnhjdmFxSExvNV83UUM3b19rajlLSGNISEZwT1JaWnZqRW84UkRlOE9SYmlVWjZFVVg4VjZYcXprOWc4eTVERDFuZVM2cTRSTXRQaWEyRW9NbG03SEVoTHowaWNMZ0oza09yVmpXZDVaV2xxSW9L?oc=5"" target=""_blank"">Affirm extends BNPL option to Apple Pay in-store transactions (AFRM:NASDAQ)</a>&nbsp;&nbsp;<font color=""#6f6f6f"">Seeking Alpha</font>",https://news.google.com/rss/articles/CBMioAFBVV95cUxOal9BNHduNDVFMUVEQ0VfNjVOanFkMV9rd1hudDZaMzV5ai00TTNUM3hSSnhjdmFxSExvNV83UUM3b19rajlLSGNISEZwT1JaWnZqRW84UkRlOE9SYmlVWjZFVVg4VjZYcXprOWc4eTVERDFuZVM2cTRSTXRQaWEyRW9NbG03SEVoTHowaWNMZ0oza09yVmpXZDVaV2xxSW9L?oc=5
2025-09-15T11:27:22+00:00,2025-09-15,Investing.com,"Nvidia, Alaska Air and Warner Bros Discovery fall premarket; Apple, Tesla rise - Investing.com","<a href=""https://news.google.com/rss/articles/CBMizAFBVV95cUxOcEozQXAwR25DYlVFU1RlMDZ5a0JxUUhMaWkxdmVUR0ZDN0pWbjRPSkgxbTVTYlB1SnpiV3BvRHVyUnJNdVQzM2p2UkdBVC1saDJ5NTRJa2JoSTFqdGlPaW5jUGhjNDZYSTE0ZU1JTGdidmxBTFlqWmVjdjBTY1ozZlJLcFYyelp2VllsSkNEVVpacndBbFBwaEtmUFFlcXFYZWNIQWNuRTEyUW0tUUQtZkV3dVJPUFhPdTFzV01EYkt0a28wVmxTNGFnb2s?oc=5"" target=""_blank"">Nvidia, Alaska Air and Warner Bros Discovery fall premarket; Apple, Tesla rise</a>&nbsp;&nbsp;<font color=""#6f6f6f"">Investing.com</font>",https://news.google.com/rss/articles/CBMizAFBVV95cUxOcEozQXAwR25DYlVFU1RlMDZ5a0JxUUhMaWkxdmVUR0ZDN0pWbjRPSkgxbTVTYlB1SnpiV3BvRHVyUnJNdVQzM2p2UkdBVC1saDJ5NTRJa2JoSTFqdGlPaW5jUGhjNDZYSTE0ZU1JTGdidmxBTFlqWmVjdjBTY1ozZlJLcFYyelp2VllsSkNEVVpacndBbFBwaEtmUFFlcXFYZWNIQWNuRTEyUW0tUUQtZkV3dVJPUFhPdTFzV01EYkt0a28wVmxTNGFnb2s?oc=5
2025-09-15T04:40:28+00:00,2025-09-15,Stocktwits,"Apple’s iPhone 17 Reportedly Sees Robust Preorder Trends, Analyst Shrugs Off Air's Pause In China — Retail Traders Hope For Stock Retesting $250 Level - Stocktwits","<a href=""https://news.google.com/rss/articles/CBMiyAFBVV95cUxPMEJuUGFzTTJpdWR4aWJpMnh4OUNNQW1rNHQ1TWFCUWF6VUNRT3hmRG5WWXppdjQxdWI4eXB0NTBBUHo4aVdBX0RDbGhxWHB4bmhKSTZfSzJkbGR6dTU3OURJdGZlVHhOeXBlVmJXTTdQb3hTY1hnRVFJbjhXeUIwSzE1eXUtM3JIVWxqM0g4bWdBck1ueU9Rbi05OHh5WHVZTVlNTHZ2Zjd1Y2JIVVNGS0VwYmRqTVEwd1R2WHVLYjYydkxWSHFFQw?oc=5"" target=""_blank"">Apple’s iPhone 17 Reportedly Sees Robust Preorder Trends, Analyst Shrugs Off Air's Pause In China — Retail Traders Hope For Stock Retesting $250 Level</a>&nbsp;&nbsp;<font color=""#6f6f6f"">Stocktwits</font>",https://news.google.com/rss/articles/CBMiyAFBVV95cUxPMEJuUGFzTTJpdWR4aWJpMnh4OUNNQW1rNHQ1TWFCUWF6VUNRT3hmRG5WWXppdjQxdWI4eXB0NTBBUHo4aVdBX0RDbGhxWHB4bmhKSTZfSzJkbGR6dTU3OURJdGZlVHhOeXBlVmJXTTdQb3hTY1hnRVFJbjhXeUIwSzE1eXUtM3JIVWxqM0g4bWdBck1ueU9Rbi05OHh5WHVZTVlNTHZ2Zjd1Y2JIVVNGS0VwYmRqTVEwd1R2WHVLYjYydkxWSHFFQw?oc=5
2025-09-12T09:02:00+00:00,2025-09-12,The Motley Fool,Best Megacap Stock: Apple Stock vs. Microsoft Stock - The Motley Fool,"<a href=""https://news.google.com/rss/articles/CBMilwFBVV95cUxPRnFjWHFwa0FMOThlN0E5U1NNaXJLaS15QTExaldYTUVwdXlmUzM4cVRDNm1EOE82NzdSenVkRl9ENUIyUS1rUzctWUVjWUo3bERnQzhaaG9kTkFfdG5DamdUU1pDajdycFlCSHlHNlR2QTNaeWVzRVhtT00wTGxQdV8zU2t6Q1EwT011VFRTUTZnTmJDZF9F?oc=5"" target=""_blank"">Best Megacap Stock: Apple Stock vs. Microsoft Stock</a>&nbsp;&nbsp;<font color=""#6f6f6f"">The Motley Fool</font>",https://news.google.com/rss/articles/CBMilwFBVV95cUxPRnFjWHFwa0FMOThlN0E5U1NNaXJLaS15QTExaldYTUVwdXlmUzM4cVRDNm1EOE82NzdSenVkRl9ENUIyUS1rUzctWUVjWUo3bERnQzhaaG9kTkFfdG5DamdUU1pDajdycFlCSHlHNlR2QTNaeWVzRVhtT00wTGxQdV8zU2t6Q1EwT011VFRTUTZnTmJDZF9F?oc=5
2025-09-15T15:41:28+00:00,2025-09-15,Benzinga,Apple iPhone 17 Demand 'Tracking Modestly Ahead Of iPhone 16': Here's Which Model Is Winning - Benzinga,"<a href=""https://news.google.com/rss/articles/CBMi9wFBVV95cUxQSUMweHp3TDFaSVJiV0QwVVlXRmFZU3hGRzVCQmRXZEhKLVo2T3RXcVlSZUxUNE5TcGgwWU1PUHRua1ppLWVqV2FZTU02VEktbklOU1JiRW9na09USldxZEVMblhOS1hBN2syOU14UE15czV5aHg4aTRLQVMxUTFjR0hPZk9TRjBTUU5KUjJxTTVlNUNlYXlpbXh3MW1QMnd1QTlBM2dkZzhWcktCRWhMbmQ0cmFKTkdkUm13X3BVY0Z2YUpDbERrSkVPbVUtMVpIY1BIWmZwQXBVM0JKU0NXcGhxMEpVbng5dzR5RzlPQzhwV0JlX0Nz?oc=5"" target=""_blank"">Apple iPhone 17 Demand 'Tracking Modestly Ahead Of iPhone 16': Here's Which Model Is Winning</a>&nbsp;&nbsp;<font color=""#6f6f6f"">Benzinga</font>",https://news.google.com/rss/articles/CBMi9wFBVV95cUxQSUMweHp3TDFaSVJiV0QwVVlXRmFZU3hGRzVCQmRXZEhKLVo2T3RXcVlSZUxUNE5TcGgwWU1PUHRua1ppLWVqV2FZTU02VEktbklOU1JiRW9na09USldxZEVMblhOS1hBN2syOU14UE15czV5aHg4aTRLQVMxUTFjR0hPZk9TRjBTUU5KUjJxTTVlNUNlYXlpbXh3MW1QMnd1QTlBM2dkZzhWcktCRWhMbmQ0cmFKTkdkUm13X3BVY0Z2YUpDbERrSkVPbVUtMVpIY1BIWmZwQXBVM0JKU0NXcGhxMEpVbng5dzR5RzlPQzhwV0JlX0Nz?oc=5
2025-09-09T01:10:00+00:00,2025-09-09,The Motley Fool,Why Apple Is My Top Stock to Buy Right Now - The Motley Fool,"<a href=""https://news.google.com/rss/articles/CBMijgFBVV95cUxNRVhMSDBwX0M5czBBeHNfTGJKRU03N19HVFRUcENVcVE0N0Z0WUJMWGZoNWZEMDVXb0REWWRLNXlIZzgtM21ZNDlNTHlXNEZGR21FRUVSOWZNb1hId0hGQld3NFZtZ1M4RHJhNmk2OFhRV3BiYXVXVWlIeVlQZmlOMVhRTjJ5LTNsbjNCLWln?oc=5"" target=""_blank"">Why Apple Is My Top Stock to Buy Right Now</a>&nbsp;&nbsp;<font color=""#6f6f6f"">The Motley Fool</font>",https://news.google.com/rss/articles/CBMijgFBVV95cUxNRVhMSDBwX0M5czBBeHNfTGJKRU03N19HVFRUcENVcVE0N0Z0WUJMWGZoNWZEMDVXb0REWWRLNXlIZzgtM21ZNDlNTHlXNEZGR21FRUVSOWZNb1hId0hGQld3NFZtZ1M4RHJhNmk2OFhRV3BiYXVXVWlIeVlQZmlOMVhRTjJ5LTNsbjNCLWln?oc=5
2025-09-15T16:15:00+00:00,2025-09-15,The Globe and Mail,Has Apple Lost Its Magic? - The Globe and Mail,"<a href=""https://news.google.com/rss/articles/CBMisAFBVV95cUxOTUY1SXdkY3NKN3o0bmtvbXZOV3pMc3pTS0YyczNvMnFXSUlhRHlreDhIMFVXNkMzWnB5RkxEYzRqeDBzSnl1bV9ja3FfNEhERDhEeU8wSWFBQldaZ1hnbVJ0Vkt4aVJCSll3LTV3YmthdVd1MmcwaERGOGJuTzJpcS0xM0Z3WkF6NTNLTlJBNmJtbFIzNTR3QmhPLVJWTnkyS2NZa09sellGS0NsdWhLNA?oc=5"" target=""_blank"">Has Apple Lost Its Magic?</a>&nbsp;&nbsp;<font color=""#6f6f6f"">The Globe and Mail</font>",https://news.google.com/rss/articles/CBMisAFBVV95cUxOTUY1SXdkY3NKN3o0bmtvbXZOV3pMc3pTS0YyczNvMnFXSUlhRHlreDhIMFVXNkMzWnB5RkxEYzRqeDBzSnl1bV9ja3FfNEhERDhEeU8wSWFBQldaZ1hnbVJ0Vkt4aVJCSll3LTV3YmthdVd1MmcwaERGOGJuTzJpcS0xM0Z3WkF6NTNLTlJBNmJtbFIzNTR3QmhPLVJWTnkyS2NZa09sellGS0NsdWhLNA?oc=5
2025-09-14T00:20:57+00:00,2025-09-14,Yahoo Finance,"HSBC Keeps Hold on Apple (AAPL), Sets $220 Price Target - Yahoo Finance","<a href=""https://news.google.com/rss/articles/CBMifEFVX3lxTE45andTRjR1SHpoMER5bjFaSHFiVkI3QmNsdm5lOTBIak5wS1AzTllLUUljbk5yaHVabHBlV1hJTnM2a2w0Tkk4U0hIQnRfZll6OEZhVUdDMGVpUFA3a1h2TE82ZHJxUktrNnllVk55emJOV3FIcmVaTUN1S0c?oc=5"" target=""_blank"">HSBC Keeps Hold on Apple (AAPL), Sets $220 Price Target</a>&nbsp;&nbsp;<font color=""#6f6f6f"">Yahoo Finance</font>",https://news.google.com/rss/articles/CBMifEFVX3lxTE45andTRjR1SHpoMER5bjFaSHFiVkI3QmNsdm5lOTBIak5wS1AzTllLUUljbk5yaHVabHBlV1hJTnM2a2w0Tkk4U0hIQnRfZll6OEZhVUdDMGVpUFA3a1h2TE82ZHJxUktrNnllVk55emJOV3FIcmVaTUN1S0c?oc=5
2025-09-15T07:40:02+00:00,2025-09-15,MarketBeat,Rollins Financial Advisors LLC Decreases Stock Holdings in Apple Inc. $AAPL - MarketBeat,"<a href=""https://news.google.com/rss/articles/CBMizwFBVV95cUxOcXhLTGtRUG43OUlNZVFzMkw4Sld1ZV9JV0FEZmFsY2lIQlA4Rk1UVWNWRkVXZmZrNUpaTEtRaF9hX0ljNV9tWXVkQXJ1d29rVVNSVWdkYTU2NGJNd3hTVTlWdkhhVTF3WHlaczhYZGU1SlNDWWhzRmJKSjNxVFV5QzVKNmhzZWt1R1RxbnpHeHVKaTRlTmtoWkhkLVhiMTV6ZmJyVURsNHJ6V2J3V2pMb29DQkxBRjIzMEVRSmkxQUN3c0hvN3N4a3Z1dVBEM1k?oc=5"" target=""_blank"">Rollins Financial Advisors LLC Decreases Stock Holdings in Apple Inc. $AAPL</a>&nbsp;&nbsp;<font color=""#6f6f6f"">MarketBeat</font>",https://news.google.com/rss/articles/CBMizwFBVV95cUxOcXhLTGtRUG43OUlNZVFzMkw4Sld1ZV9JV0FEZmFsY2lIQlA4Rk1UVWNWRkVXZmZrNUpaTEtRaF9hX0ljNV9tWXVkQXJ1d29rVVNSVWdkYTU2NGJNd3hTVTlWdkhhVTF3WHlaczhYZGU1SlNDWWhzRmJKSjNxVFV5QzVKNmhzZWt1R1RxbnpHeHVKaTRlTmtoWkhkLVhiMTV6ZmJyVURsNHJ6V2J3V2pMb29DQkxBRjIzMEVRSmkxQUN3c0hvN3N4a3Z1dVBEM1k?oc=5
2025-09-15T08:05:18+00:00,2025-09-15,MarketBeat,McAdam LLC Has $16.59 Million Stock Position in Apple Inc. $AAPL - MarketBeat,"<a href=""https://news.google.com/rss/articles/CBMivgFBVV95cUxPNlBWVGtsSmtOUnB2WWRTV0lEdldOcWFBZ3VTaHNNdVRvRGJwTTl6Y3lkcENlb2EzZkUzalV2YVZOUUJxOC1zNC1GTXRiclFnOFJ3dmJOSzRxZmZpZm9nbkdseGpWWHk4THAwamRoLXJvaVltaXk5LWVYZ0NlYjZPai1pSEpPNk5VV1F3SUpSTE9RZVRSMFJaVkpjd3ZTTFRvclhVXzlseERxUDVaeFVuSmtpZS1WS2xDTFJRaTFR?oc=5"" target=""_blank"">McAdam LLC Has $16.59 Million Stock Position in Apple Inc. $AAPL</a>&nbsp;&nbsp;<font color=""#6f6f6f"">MarketBeat</font>",https://news.google.com/rss/articles/CBMivgFBVV95cUxPNlBWVGtsSmtOUnB2WWRTV0lEdldOcWFBZ3VTaHNNdVRvRGJwTTl6Y3lkcENlb2EzZkUzalV2YVZOUUJxOC1zNC1GTXRiclFnOFJ3dmJOSzRxZmZpZm9nbkdseGpWWHk4THAwamRoLXJvaVltaXk5LWVYZ0NlYjZPai1pSEpPNk5VV1F3SUpSTE9RZVRSMFJaVkpjd3ZTTFRvclhVXzlseERxUDVaeFVuSmtpZS1WS2xDTFJRaTFR?oc=5
2025-09-15T10:52:00+00:00,2025-09-15,CNET,I Found a Way to Stock Up on Official Apple Watch Bands From Just $15 Ahead of the Series 11 Launch - CNET,"<a href=""https://news.google.com/rss/articles/CBMixAFBVV95cUxNQlVkUlJjdHY5Mm1TRmNBTzRtU3lWM1ZnMlVvcVBLMUJyV05SZ3VGRGJGVlRwaVVHWDA2MEhES1lkN1FucnJGWXhZcU0xTXZXMFM2NHdNMTdCVDZEV2h1dkplY1RCTXFYR291MnJwbFFva2hCMGt6azZ4VFRXRWNRMWdzazJiTG9PMVp3dkFzTGxnMlJtZm80UkVmcHBWZ0piSjAtREpLX19ROW9HVW9pSnJzMmJObzNlREpEWEtNbHBWSXFZ?oc=5"" target=""_blank"">I Found a Way to Stock Up on Official Apple Watch Bands From Just $15 Ahead of the Series 11 Launch</a>&nbsp;&nbsp;<font color=""#6f6f6f"">CNET</font>",https://news.google.com/rss/articles/CBMixAFBVV95cUxNQlVkUlJjdHY5Mm1TRmNBTzRtU3lWM1ZnMlVvcVBLMUJyV05SZ3VGRGJGVlRwaVVHWDA2MEhES1lkN1FucnJGWXhZcU0xTXZXMFM2NHdNMTdCVDZEV2h1dkplY1RCTXFYR291MnJwbFFva2hCMGt6azZ4VFRXRWNRMWdzazJiTG9PMVp3dkFzTGxnMlJtZm80UkVmcHBWZ0piSjAtREpLX19ROW9HVW9pSnJzMmJObzNlREpEWEtNbHBWSXFZ?oc=5
2025-09-15T23:39:35+00:00,2025-09-15,TradingView,$AAPL: Valuation Debate Grows — But $490M China Settlement Still Casts a Shadow - TradingView,"<a href=""https://news.google.com/rss/articles/CBMi0AFBVV95cUxQODFnWlppUEwyS3ZGMGNFYTUtWnJROGY5R2prUkpsdndPdks0UnRvYm9mQ3Q3SkJVSUtRRTZtWldlQnNFVC1PV3F5MmU4X3d5cHVvNW90SE9VSEdRMG9KZ1A2WmltdzhSUnZhX2hQU3hFLXVneDJjejByMlltS1JkMkdoV0VHODJhdDQyUk8yU3N4Rld1YlJvbDRZeEFGZHlRWl9PNXRWR3lFRXltRGhxei12aXQ3cnVjWGJmdGMtVnpQOFdWeWpDUlVMRnFRWUpE?oc=5"" target=""_blank"">$AAPL: Valuation Debate Grows — But $490M China Settlement Still Casts a Shadow</a>&nbsp;&nbsp;<font color=""#6f6f6f"">TradingView</font>",https://news.google.com/rss/articles/CBMi0AFBVV95cUxQODFnWlppUEwyS3ZGMGNFYTUtWnJROGY5R2prUkpsdndPdks0UnRvYm9mQ3Q3SkJVSUtRRTZtWldlQnNFVC1PV3F5MmU4X3d5cHVvNW90SE9VSEdRMG9KZ1A2WmltdzhSUnZhX2hQU3hFLXVneDJjejByMlltS1JkMkdoV0VHODJhdDQyUk8yU3N4Rld1YlJvbDRZeEFGZHlRWl9PNXRWR3lFRXltRGhxei12aXQ3cnVjWGJmdGMtVnpQOFdWeWpDUlVMRnFRWUpE?oc=5
2025-09-13T13:45:16+00:00,2025-09-13,Yahoo Finance,Jim Cramer Says Apple is “Addicted to Buying Back its Own Stock” - Yahoo Finance,"<a href=""https://news.google.com/rss/articles/CBMiggFBVV95cUxQWHIzMVpBMXRHd3o4bkVULXFyYmdtT01zOXhCSXprdWc5cnRGVXk1S3FydHYwNVI0QmdxeERhZjZHV2VTaEpaaWJfdU5PbGNPelZYODg5MVV4YXFZS0s0aU9EM29rYzJBMEhwaHQtVHhxVjItbFBNSlRnQ1pwU1hSWGRB?oc=5"" target=""_blank"">Jim Cramer Says Apple is “Addicted to Buying Back its Own Stock”</a>&nbsp;&nbsp;<font color=""#6f6f6f"">Yahoo Finance</font>",https://news.google.com/rss/articles/CBMiggFBVV95cUxQWHIzMVpBMXRHd3o4bkVULXFyYmdtT01zOXhCSXprdWc5cnRGVXk1S3FydHYwNVI0QmdxeERhZjZHV2VTaEpaaWJfdU5PbGNPelZYODg5MVV4YXFZS0s0aU9EM29rYzJBMEhwaHQtVHhxVjItbFBNSlRnQ1pwU1hSWGRB?oc=5
2025-09-08T11:28:29+00:00,2025-09-08,Seeking Alpha,Apple: Technical Level Of $260 Before Year End Is Not Far-Fetched - Seeking Alpha,"<a href=""https://news.google.com/rss/articles/CBMipwFBVV95cUxQVjIzN2RnYkxHWkZ1cEp4Q1Q4eXNzcWRXXzNkck0zbUxhajN5NGptb1FHRVNITnNrbF9UN3hzUy00dmFQR1JPRVlGczh2WjM4aG9ITERNdWw5bnp5NWNYS0RLanBxOWRTOTBaNkRsNlkxMFdfa0lSVGJUcHo5cGg4b1JBMmN3b21FdENGMFUycUJYaFRZaGRNUXRSb2NEU21yazRFQ0cxZw?oc=5"" target=""_blank"">Apple: Technical Level Of $260 Before Year End Is Not Far-Fetched</a>&nbsp;&nbsp;<font color=""#6f6f6f"">Seeking Alpha</font>",https://news.google.com/rss/articles/CBMipwFBVV95cUxQVjIzN2RnYkxHWkZ1cEp4Q1Q4eXNzcWRXXzNkck0zbUxhajN5NGptb1FHRVNITnNrbF9UN3hzUy00dmFQR1JPRVlGczh2WjM4aG9ITERNdWw5bnp5NWNYS0RLanBxOWRTOTBaNkRsNlkxMFdfa0lSVGJUcHo5cGg4b1JBMmN3b21FdENGMFUycUJYaFRZaGRNUXRSb2NEU21yazRFQ0cxZw?oc=5
2025-09-07T15:43:10+00:00,2025-09-07,MSN,Where Will Apple Stock Be in 3 Years? - MSN,"<a href=""https://news.google.com/rss/articles/CBMitwFBVV95cUxPWHJMeE13WDJIQ3pnMlF3S1JqRjJjMHllcXBYWm41SjJPSnlmNzJKMXJDaGo2QW54N3RwSFBSQ2ttT29kQVpPQ2tRTmwzaENnWGc1Wk4xdG51Mkd4cWRVQW1aVWJpSENyR3R3V3JNelpPNVNTNE5QbkowLXptOEp4NXlHNnJZU1V6T05FbU0yRlBiZUJUVmtWUzVsQ1M4THJHNWkyejhJdzRYb2EyR1ZkYnFkTGNqU1E?oc=5"" target=""_blank"">Where Will Apple Stock Be in 3 Years?</a>&nbsp;&nbsp;<font color=""#6f6f6f"">MSN</font>",https://news.google.com/rss/articles/CBMitwFBVV95cUxPWHJMeE13WDJIQ3pnMlF3S1JqRjJjMHllcXBYWm41SjJPSnlmNzJKMXJDaGo2QW54N3RwSFBSQ2ttT29kQVpPQ2tRTmwzaENnWGc1Wk4xdG51Mkd4cWRVQW1aVWJpSENyR3R3V3JNelpPNVNTNE5QbkowLXptOEp4NXlHNnJZU1V6T05FbU0yRlBiZUJUVmtWUzVsQ1M4THJHNWkyejhJdzRYb2EyR1ZkYnFkTGNqU1E?oc=5
2025-09-02T07:00:00+00:00,2025-09-02,Investor's Business Daily,"Dow Jones Tech Titan Apple Stock, Alibaba In Or Near Buy Zones Despite Market Sell-Off - Investor's Business Daily","<a href=""https://news.google.com/rss/articles/CBMioAFBVV95cUxQdVFjLVMxRU5HUjNoTTBqaVRJbl83eFRHZlpSUTNzM2xIUEhFdTd3ZDZvSzQ1Ty1uaEtHX3JRTEQtRE11T0c0SlhPU19UZ1pUM0hFZUNhRFdMcHJOZUdHZUZLdXhobGUxek5zQU9ESG5UY3lYMC1EbmNCc3BsMVlSVElaNUJOT0wxNkNEN2xCT0x3S1VIbG1nYkZsSEs1Y1dQ?oc=5"" target=""_blank"">Dow Jones Tech Titan Apple Stock, Alibaba In Or Near Buy Zones Despite Market Sell-Off</a>&nbsp;&nbsp;<font color=""#6f6f6f"">Investor's Business Daily</font>",https://news.google.com/rss/articles/CBMioAFBVV95cUxQdVFjLVMxRU5HUjNoTTBqaVRJbl83eFRHZlpSUTNzM2xIUEhFdTd3ZDZvSzQ1Ty1uaEtHX3JRTEQtRE11T0c0SlhPU19UZ1pUM0hFZUNhRFdMcHJOZUdHZUZLdXhobGUxek5zQU9ESG5UY3lYMC1EbmNCc3BsMVlSVElaNUJOT0wxNkNEN2xCT0x3S1VIbG1nYkZsSEs1Y1dQ?oc=5
2025-09-11T17:02:54+00:00,2025-09-11,Yahoo Finance,"Apple Unveils Slim iPhone Air, But AI Concerns Weigh on Stock - Yahoo Finance","<a href=""https://news.google.com/rss/articles/CBMigAFBVV95cUxQLWo4VTlqcHhuUDZJUGl3aE1jd2w5aVVsNzJ5eklDWVgwbXRzMlB2NVZ1TVlFcFFUTFR4bDRHZi1Eck05ajh2R3c4bjh6OWlvRVcxM2RtYnFPSlhYdklSZDFFTUhUNFc4cVhXUUhYaDRHSEc5NXhTRWtMRU5XSS1nbg?oc=5"" target=""_blank"">Apple Unveils Slim iPhone Air, But AI Concerns Weigh on Stock</a>&nbsp;&nbsp;<font color=""#6f6f6f"">Yahoo Finance</font>",https://news.google.com/rss/articles/CBMigAFBVV95cUxQLWo4VTlqcHhuUDZJUGl3aE1jd2w5aVVsNzJ5eklDWVgwbXRzMlB2NVZ1TVlFcFFUTFR4bDRHZi1Eck05ajh2R3c4bjh6OWlvRVcxM2RtYnFPSlhYdklSZDFFTUhUNFc4cVhXUUhYaDRHSEc5NXhTRWtMRU5XSS1nbg?oc=5
2025-09-14T21:38:20+00:00,2025-09-14,uk.finance.yahoo.com,Jim Cramer Says He’s Already Ordered His Apple (AAPL) iPhone - uk.finance.yahoo.com,"<a href=""https://news.google.com/rss/articles/CBMihwFBVV95cUxPQ2N5c0xyWXAyQUlMY2duSERmWVpvdlZfWXhaeHdic2lBS01uMXcxZjNWS2w2aVJEbmNpSUZkNjdqQmktcEdvWmd2eHZSUXZrdEJ4bHlDVWVLSkxrMmYwNFlxa3Z2R2cwQmVqOTZCTXRYUElyeFkyZnFGOXlIa2FwUFNLMHpPRkk?oc=5"" target=""_blank"">Jim Cramer Says He’s Already Ordered His Apple (AAPL) iPhone</a>&nbsp;&nbsp;<font color=""#6f6f6f"">uk.finance.yahoo.com</font>",https://news.google.com/rss/articles/CBMihwFBVV95cUxPQ2N5c0xyWXAyQUlMY2duSERmWVpvdlZfWXhaeHdic2lBS01uMXcxZjNWS2w2aVJEbmNpSUZkNjdqQmktcEdvWmd2eHZSUXZrdEJ4bHlDVWVLSkxrMmYwNFlxa3Z2R2cwQmVqOTZCTXRYUElyeFkyZnFGOXlIa2FwUFNLMHpPRkk?oc=5
2025-08-25T07:00:00+00:00,2025-08-25,The Motley Fool,What Is the Highest Apple Stock Has Ever Been? - The Motley Fool,"<a href=""https://news.google.com/rss/articles/CBMikgFBVV95cUxQYWtqNGlab0laRmJiQnk0clZabWNFUk9fQUc0V24zeEo4QkJobjRmbGZKREVzT0FzdUtURGxtNkhJbjBOSTh1MFlmSUV3SE9QeFduM25fVWlIdi11N0lqRDYwaWYzbDFLSkNZSzJXS3o5aUNpc1lOTWpZNlVfNkFEVDJ3YzhybzYxWnV4NV9tNGlEZw?oc=5"" target=""_blank"">What Is the Highest Apple Stock Has Ever Been?</a>&nbsp;&nbsp;<font color=""#6f6f6f"">The Motley Fool</font>",https://news.google.com/rss/articles/CBMikgFBVV95cUxQYWtqNGlab0laRmJiQnk0clZabWNFUk9fQUc0V24zeEo4QkJobjRmbGZKREVzT0FzdUtURGxtNkhJbjBOSTh1MFlmSUV3SE9QeFduM25fVWlIdi11N0lqRDYwaWYzbDFLSkNZSzJXS3o5aUNpc1lOTWpZNlVfNkFEVDJ3YzhybzYxWnV4NV9tNGlEZw?oc=5
2025-09-15T07:56:15+00:00,2025-09-15,MarketBeat,"Anderson Financial Strategies LLC Buys 2,857 Shares of Apple Inc. $AAPL - MarketBeat","<a href=""https://news.google.com/rss/articles/CBMiyAFBVV95cUxOc1pGd1E5dXdNVHV5VHFzSDdnd1VNa0poaEg1WGpBcVY5ZWJGSm5GVnpvek8yNUF5SzVRMkZHcnRrWlFOTzdnZHV3UlFzWTZ3Y19OQW1JUTB2RzBlVXJWQXFoeUlRY2xMZkNBdllJRVNqOTN5aXNZbmljVW1wb25ia2RxTFc2dUowbmFQM1lVWWdoZG02c0JRb2h5ZkM1eTFTYVZiWWVwZnhNYl9HWkhlQm9ycXIxam5UZ3N6ZnotMHptRE1FYldydQ?oc=5"" target=""_blank"">Anderson Financial Strategies LLC Buys 2,857 Shares of Apple Inc. $AAPL</a>&nbsp;&nbsp;<font color=""#6f6f6f"">MarketBeat</font>",https://news.google.com/rss/articles/CBMiyAFBVV95cUxOc1pGd1E5dXdNVHV5VHFzSDdnd1VNa0poaEg1WGpBcVY5ZWJGSm5GVnpvek8yNUF5SzVRMkZHcnRrWlFOTzdnZHV3UlFzWTZ3Y19OQW1JUTB2RzBlVXJWQXFoeUlRY2xMZkNBdllJRVNqOTN5aXNZbmljVW1wb25ia2RxTFc2dUowbmFQM1lVWWdoZG02c0JRb2h5ZkM1eTFTYVZiWWVwZnhNYl9HWkhlQm9ycXIxam5UZ3N6ZnotMHptRE1FYldydQ?oc=5
2025-08-24T07:00:00+00:00,2025-08-24,Yahoo Finance,"Here's How Many Shares of Apple Stock You'd Need for $10,000 in Yearly Dividends - Yahoo Finance","<a href=""https://news.google.com/rss/articles/CBMigAFBVV95cUxOdDhlWThRRHlueFI1QWNWdmtiVV9qVlVmN3U1VUpjbTlxSTF5dlpHNElrTWZTTEdvOGVXcjdsbERNbWtOeXVVbDBuMVBNdF8zNS1QWnZlRzlnX0RzbTJOTXZ3eVNOTlhTdlRIaG9UOXcwZ2plRXEwVjM1ZXVsVndjaw?oc=5"" target=""_blank"">Here's How Many Shares of Apple Stock You'd Need for $10,000 in Yearly Dividends</a>&nbsp;&nbsp;<font color=""#6f6f6f"">Yahoo Finance</font>",https://news.google.com/rss/articles/CBMigAFBVV95cUxOdDhlWThRRHlueFI1QWNWdmtiVV9qVlVmN3U1VUpjbTlxSTF5dlpHNElrTWZTTEdvOGVXcjdsbERNbWtOeXVVbDBuMVBNdF8zNS1QWnZlRzlnX0RzbTJOTXZ3eVNOTlhTdlRIaG9UOXcwZ2plRXEwVjM1ZXVsVndjaw?oc=5
2025-09-02T07:00:00+00:00,2025-09-02,The Motley Fool,"Warren Buffett Sells Apple Stock and Buys a Restaurant Stock Up 4,270% Since 2005 - The Motley Fool","<a href=""https://news.google.com/rss/articles/CBMimAFBVV95cUxOQUtLd1ZNYlNkZG1vamJDS0ZIVDl3dEhZWkhNZkdjVHh4OHZHWGtaVHJneFk0NHhNWGlLRGF1dkEyTDNBeC1HM2ljNjdWZDl3aWQ0bk1XS2NaYnZURDkzVlIzbENUaEFQN3lISFJTSW9KSWRtcUNpMVgwNENGQzBIbDlXWWlyU0V6MHEteUoxUzQtS0dnOTE0ZQ?oc=5"" target=""_blank"">Warren Buffett Sells Apple Stock and Buys a Restaurant Stock Up 4,270% Since 2005</a>&nbsp;&nbsp;<font color=""#6f6f6f"">The Motley Fool</font>",https://news.google.com/rss/articles/CBMimAFBVV95cUxOQUtLd1ZNYlNkZG1vamJDS0ZIVDl3dEhZWkhNZkdjVHh4OHZHWGtaVHJneFk0NHhNWGlLRGF1dkEyTDNBeC1HM2ljNjdWZDl3aWQ0bk1XS2NaYnZURDkzVlIzbENUaEFQN3lISFJTSW9KSWRtcUNpMVgwNENGQzBIbDlXWWlyU0V6MHEteUoxUzQtS0dnOTE0ZQ?oc=5
2025-09-09T18:12:21+00:00,2025-09-09,The Economic Times,Apple stock slips after “Awe-Dropping” iPhone 17 event as Wall Street unimpressed with incremental upgrade - The Economic Times,"<a href=""https://news.google.com/rss/articles/CBMijgJBVV95cUxNaF9TcXNnaXpoOFU1RVYzdzJCVDdNVktjYmE4SVlpY2xDQjQ2alA2bVYwYlFleXJTNmdmRmVrVzBRdWFQcEQ2ZXQyT3VNcDY2RXR4Tmh1NDlaVWxtT1VlQVZqeDRVU2JsN3JZZ2VNVW05NTYyMVNTRnJDVW1hWUd5bXNULXdIN1dHMXRUQ0FOX1NHZjB3WWJRSGU1dXZndVlVcjVrUURDSy13U3hydzlxS0ljZWgyOGtRSm5saDloU0YzYXVkcE1uRTBMekFHTmtNTGpLLUs2b0dDMlN1Ty12YTZ1TlV0MGs0TVdqbTEzQ2NrRXVtV0pLZUxVTXc3ZGtYNHZrM0tUdGlnUmpzdlHSAZMCQVVfeXFMTXVkd2tySkNXQS1OWGkzY3UzY3p1b0dPREktOHgtMFdyMEdKcGJBSGFadDM4d3otUXZ0U09iVE5Fd05nYzBIR2NXbmlZUjBmLTNKNFpLTTM4ekgwSjFuNzBGOU96ZldYU3liWHZFZzBXMTF1TUx0cUdUTk9EbjF0NU1pVnp0aFlnUXV0Q3hXSnZYclhxUlZMeXZLRlp5VDh3cG4yUDkzdjFxOHdRSXktVF9hLUhsMF9oRFN2S01Fd3hVZGhabTR4MnNrWkNUV1p5VUJnTF9VdmlCZHljcWt4T2hHZ1RKZ3U5Wmg3bUtITFk2UFI0QjBqREM1dEo3OU9ONzQyaEo3ZGxtQWJCUFF1VHoyVGc?oc=5"" target=""_blank"">Apple stock slips after “Awe-Dropping” iPhone 17 event as Wall Street unimpressed with incremental upgrade</a>&nbsp;&nbsp;<font color=""#6f6f6f"">The Economic Times</font>",https://news.google.com/rss/articles/CBMijgJBVV95cUxNaF9TcXNnaXpoOFU1RVYzdzJCVDdNVktjYmE4SVlpY2xDQjQ2alA2bVYwYlFleXJTNmdmRmVrVzBRdWFQcEQ2ZXQyT3VNcDY2RXR4Tmh1NDlaVWxtT1VlQVZqeDRVU2JsN3JZZ2VNVW05NTYyMVNTRnJDVW1hWUd5bXNULXdIN1dHMXRUQ0FOX1NHZjB3WWJRSGU1dXZndVlVcjVrUURDSy13U3hydzlxS0ljZWgyOGtRSm5saDloU0YzYXVkcE1uRTBMekFHTmtNTGpLLUs2b0dDMlN1Ty12YTZ1TlV0MGs0TVdqbTEzQ2NrRXVtV0pLZUxVTXc3ZGtYNHZrM0tUdGlnUmpzdlHSAZMCQVVfeXFMTXVkd2tySkNXQS1OWGkzY3UzY3p1b0dPREktOHgtMFdyMEdKcGJBSGFadDM4d3otUXZ0U09iVE5Fd05nYzBIR2NXbmlZUjBmLTNKNFpLTTM4ekgwSjFuNzBGOU96ZldYU3liWHZFZzBXMTF1TUx0cUdUTk9EbjF0NU1pVnp0aFlnUXV0Q3hXSnZYclhxUlZMeXZLRlp5VDh3cG4yUDkzdjFxOHdRSXktVF9hLUhsMF9oRFN2S01Fd3hVZGhabTR4MnNrWkNUV1p5VUJnTF9VdmlCZHljcWt4T2hHZ1RKZ3U5Wmg3bUtITFk2UFI0QjBqREM1dEo3OU9ONzQyaEo3ZGxtQWJCUFF1VHoyVGc?oc=5
2025-09-15T07:42:12+00:00,2025-09-15,MarketBeat,"GK Wealth Management LLC Sells 1,296 Shares of Apple Inc. $AAPL - MarketBeat","<a href=""https://news.google.com/rss/articles/CBMivgFBVV95cUxOWTd5RDZNNU44R0JpZWRJVEdPS2l3bXhXTVVOQUJSMzctb3lwRTRtQzFpSDNmQ01CUU5mblZwVm5MdnFYVTd3aS1FTmVWRTJ5NTRzYWhYZ0ZHbmZJY2ZuOGNaSm5pRi1sUzNXbC1UVjFSQVBSdUFpbExUN1hZdmwzMmhCcVlha0lVOWEwa2NsdHFoWnUwdnYtSGhsUTMzWExOVjlSN05CSDFtU05JMFEtZVM1VTlGTGhfSTlkTzJ3?oc=5"" target=""_blank"">GK Wealth Management LLC Sells 1,296 Shares of Apple Inc. $AAPL</a>&nbsp;&nbsp;<font color=""#6f6f6f"">MarketBeat</font>",https://news.google.com/rss/articles/CBMivgFBVV95cUxOWTd5RDZNNU44R0JpZWRJVEdPS2l3bXhXTVVOQUJSMzctb3lwRTRtQzFpSDNmQ01CUU5mblZwVm5MdnFYVTd3aS1FTmVWRTJ5NTRzYWhYZ0ZHbmZJY2ZuOGNaSm5pRi1sUzNXbC1UVjFSQVBSdUFpbExUN1hZdmwzMmhCcVlha0lVOWEwa2NsdHFoWnUwdnYtSGhsUTMzWExOVjlSN05CSDFtU05JMFEtZVM1VTlGTGhfSTlkTzJ3?oc=5
2025-09-12T09:31:29+00:00,2025-09-12,Mitrade,Best Megacap Stock: Apple Stock vs. Microsoft Stock - Mitrade,"<a href=""https://news.google.com/rss/articles/CBMif0FVX3lxTE5Sd0V2QnpLb1dVUU90LXNCc3p6QTVNUjBuRm9VSloxb0oycVBtTHdpX1dCUXdRNm0xQUdwX3JDMUZSSS1uejFwNV9zV0VaX1RCTXhyNF9fT1Eta0gzNFdrMUY2bzYtTXB0aHhLWG1ZazduTzg5ZS1BYTBqMGsyWVE?oc=5"" target=""_blank"">Best Megacap Stock: Apple Stock vs. Microsoft Stock</a>&nbsp;&nbsp;<font color=""#6f6f6f"">Mitrade</font>",https://news.google.com/rss/articles/CBMif0FVX3lxTE5Sd0V2QnpLb1dVUU90LXNCc3p6QTVNUjBuRm9VSloxb0oycVBtTHdpX1dCUXdRNm0xQUdwX3JDMUZSSS1uejFwNV9zV0VaX1RCTXhyNF9fT1Eta0gzNFdrMUY2bzYtTXB0aHhLWG1ZazduTzg5ZS1BYTBqMGsyWVE?oc=5
2025-09-12T21:45:00+00:00,2025-09-12,The Wall Street Journal,"The Score: Apple, Oracle, Warner Bros. Discovery and More Stocks That Defined the Week - The Wall Street Journal","<a href=""https://news.google.com/rss/articles/CBMinwNBVV95cUxQblE1aC14SlNtbFljVG90d3M5LTg2WjFRSjBXMkphaTNRM00xMWhua1I2ZVIwckxKM3ZIeFMyQTZscDQtYzZmVWZGVl92cG5xUHQ1TW5NZ0ZJcDF5ZFYtSnp6ZWg5OUdjTGNWY1NWeFZULVdXb0JZSEtHLUFUTHhTbjZTbnRVRGY3SjdwcWRvc1UwbTJyeW8wUFJyQnFIaGN6cXdld1JsbjZ4Z1BHS3NHMjAzRzdLVkZLbFNIQVdhY1NzVkptdmNXaEpTd1ZPcGxEOGZVZnM0SHRGSTJUNjVrY1llajJLcUstSUJqOHozZFAycUh3ekowSm1IeTZKQXM2SVlZNS1zR0h1d3dCQ2xuVFU3eWVjUFRhUG9xTHFteGUyYnJUeUloeGJlSFZqaGFxQzlpcWl6eWd2YlRETllvMk9uWFlQeXY3VU1BTjE3RVNxQ3VwYXlZRW1VVGVHTFBjQm9uTFZGeWNFQ3NoSkFVQTBkSDNrNElYWC1XOFR2X3ZoQkxOSlJpa2RtVTQ1Rm1EYmxwNk8wZ1hMM1JCN2xF?oc=5"" target=""_blank"">The Score: Apple, Oracle, Warner Bros. Discovery and More Stocks That Defined the Week</a>&nbsp;&nbsp;<font color=""#6f6f6f"">The Wall Street Journal</font>",https://news.google.com/rss/articles/CBMinwNBVV95cUxQblE1aC14SlNtbFljVG90d3M5LTg2WjFRSjBXMkphaTNRM00xMWhua1I2ZVIwckxKM3ZIeFMyQTZscDQtYzZmVWZGVl92cG5xUHQ1TW5NZ0ZJcDF5ZFYtSnp6ZWg5OUdjTGNWY1NWeFZULVdXb0JZSEtHLUFUTHhTbjZTbnRVRGY3SjdwcWRvc1UwbTJyeW8wUFJyQnFIaGN6cXdld1JsbjZ4Z1BHS3NHMjAzRzdLVkZLbFNIQVdhY1NzVkptdmNXaEpTd1ZPcGxEOGZVZnM0SHRGSTJUNjVrY1llajJLcUstSUJqOHozZFAycUh3ekowSm1IeTZKQXM2SVlZNS1zR0h1d3dCQ2xuVFU3eWVjUFRhUG9xTHFteGUyYnJUeUloeGJlSFZqaGFxQzlpcWl6eWd2YlRETllvMk9uWFlQeXY3VU1BTjE3RVNxQ3VwYXlZRW1VVGVHTFBjQm9uTFZGeWNFQ3NoSkFVQTBkSDNrNElYWC1XOFR2X3ZoQkxOSlJpa2RtVTQ1Rm1EYmxwNk8wZ1hMM1JCN2xF?oc=5
2025-09-03T07:00:00+00:00,2025-09-03,Barron's,Apple Stock Rises. What the Google Ruling Means for the iPhone Maker. - Barron's,"<a href=""https://news.google.com/rss/articles/CBMifkFVX3lxTE9lcHhzRDJ3OXp4QVdHNUtCUFZ2RzlmekF0NlMyZGZsUjBJeFo1MV9YYWJETk02MzN6aElsWHhEQU5jV2t6dkZGelhlTDBMVy1LaVR4TGNtM3d0YnpkamwwbjZ6N0l2M3YtM0VMNENxeDJpNmFSbF80c3d0VS11Zw?oc=5"" target=""_blank"">Apple Stock Rises. What the Google Ruling Means for the iPhone Maker.</a>&nbsp;&nbsp;<font color=""#6f6f6f"">Barron's</font>",https://news.google.com/rss/articles/CBMifkFVX3lxTE9lcHhzRDJ3OXp4QVdHNUtCUFZ2RzlmekF0NlMyZGZsUjBJeFo1MV9YYWJETk02MzN6aElsWHhEQU5jV2t6dkZGelhlTDBMVy1LaVR4TGNtM3d0YnpkamwwbjZ6N0l2M3YtM0VMNENxeDJpNmFSbF80c3d0VS11Zw?oc=5
2025-09-06T07:23:00+00:00,2025-09-06,Yahoo Finance,Is Investing $100 in Apple Stock Worth it? - Yahoo Finance,"<a href=""https://news.google.com/rss/articles/CBMigwFBVV95cUxQMjFSbkstMXdpMTN6bHo3d1BOTjEzSjd3OVU1YUZXR2hhdENXMUdYTV9BQ29SOUQwblE1RDRSVjQ0R01pTDNPNllfQUtIcUhlcDFpX3ZUU090Wk9KMXZnQVFhbklFOXUyQXBicmZqVWJxa2Y5YWh2cGpmZWVCV19WdC04cw?oc=5"" target=""_blank"">Is Investing $100 in Apple Stock Worth it?</a>&nbsp;&nbsp;<font color=""#6f6f6f"">Yahoo Finance</font>",https://news.google.com/rss/articles/CBMigwFBVV95cUxQMjFSbkstMXdpMTN6bHo3d1BOTjEzSjd3OVU1YUZXR2hhdENXMUdYTV9BQ29SOUQwblE1RDRSVjQ0R01pTDNPNllfQUtIcUhlcDFpX3ZUU090Wk9KMXZnQVFhbklFOXUyQXBicmZqVWJxa2Y5YWh2cGpmZWVCV19WdC04cw?oc=5
2025-09-09T14:45:16+00:00,2025-09-09,Seeking Alpha,Apple Stock: Patience Is A Virtue (NASDAQ:AAPL) - Seeking Alpha,"<a href=""https://news.google.com/rss/articles/CBMifkFVX3lxTE5ubE1QZDlqN1JPZkNrMU9UMGxKX3QxMmNtYmwyUTRXcUJ6VFZ0RHFlQkNWSTFWdWxZVHJIQ0cwdTVUZmxVRVhkeUVxMW9pVGlxUDlxZDVUMUpjWVc5VXVFcUFGVWhvSEpnWkFITGtZb2k2ckxxbEw3NUNhUHpMQQ?oc=5"" target=""_blank"">Apple Stock: Patience Is A Virtue (NASDAQ:AAPL)</a>&nbsp;&nbsp;<font color=""#6f6f6f"">Seeking Alpha</font>",https://news.google.com/rss/articles/CBMifkFVX3lxTE5ubE1QZDlqN1JPZkNrMU9UMGxKX3QxMmNtYmwyUTRXcUJ6VFZ0RHFlQkNWSTFWdWxZVHJIQ0cwdTVUZmxVRVhkeUVxMW9pVGlxUDlxZDVUMUpjWVc5VXVFcUFGVWhvSEpnWkFITGtZb2k2ckxxbEw3NUNhUHpMQQ?oc=5
2025-09-15T17:29:00+00:00,2025-09-15,Stock Titan,Pay Later In Stores: Affirm Partners with Apple Pay for Flexible Payment Plans at 0% APR - Stock Titan,"<a href=""https://news.google.com/rss/articles/CBMirgFBVV95cUxOZ2NRTlA2WnBXWUFWZFRIQlFIME9mLTdhaGtnVnZuREJmRWE4dUVqRnZnTmtOUFlQQUpaWjVTQlRIeS1PMlVnUnlkVWE4NkxGR28zMlhFWF9LMjdkRDhfU0kzdTJMWWhPQ0k1V2dWWTdvaE9ObGdSQjRfZUswWkRKdzNGcWxROGNfMEV5U2F4Z1M4b1VQTVlIWndHV0s5RmQ4dVNoQ0FUU0IxM0J2VlE?oc=5"" target=""_blank"">Pay Later In Stores: Affirm Partners with Apple Pay for Flexible Payment Plans at 0% APR</a>&nbsp;&nbsp;<font color=""#6f6f6f"">Stock Titan</font>",https://news.google.com/rss/articles/CBMirgFBVV95cUxOZ2NRTlA2WnBXWUFWZFRIQlFIME9mLTdhaGtnVnZuREJmRWE4dUVqRnZnTmtOUFlQQUpaWjVTQlRIeS1PMlVnUnlkVWE4NkxGR28zMlhFWF9LMjdkRDhfU0kzdTJMWWhPQ0k1V2dWWTdvaE9ObGdSQjRfZUswWkRKdzNGcWxROGNfMEV5U2F4Z1M4b1VQTVlIWndHV0s5RmQ4dVNoQ0FUU0IxM0J2VlE?oc=5
2025-09-15T08:15:48+00:00,2025-09-15,MarketBeat,Apple Inc. $AAPL is Indiana Trust & Investment Management Co's 3rd Largest Position - MarketBeat,"<a href=""https://news.google.com/rss/articles/CBMi1gFBVV95cUxNbnAyeXJ0OHZmUlhJN0VuLUQ5QnV0Xy1Ed2d6QktJdE9ILVhZUVF3bmpEOFp3VFpRdDJNVVU1YXFMXzVoNnhSSGMwdDBvNTFkZjRYRHhSeWVOOTFSOHJQeTgyRS1DQVh5djdXNnZtSkpMWElGNUNLMWdiaDJPdldKT2Zpc09uTV9ER25XWTNiZDFPbUNqQTZCWTY5Q0tRVGtJY0RZNUhvREFpVEFKeGpJUmtWYjU5djlJc2FZQUpzdkN0dnVwMUNEZ0pQM0I2VF81b2pJVkZB?oc=5"" target=""_blank"">Apple Inc. $AAPL is Indiana Trust & Investment Management Co's 3rd Largest Position</a>&nbsp;&nbsp;<font color=""#6f6f6f"">MarketBeat</font>",https://news.google.com/rss/articles/CBMi1gFBVV95cUxNbnAyeXJ0OHZmUlhJN0VuLUQ5QnV0Xy1Ed2d6QktJdE9ILVhZUVF3bmpEOFp3VFpRdDJNVVU1YXFMXzVoNnhSSGMwdDBvNTFkZjRYRHhSeWVOOTFSOHJQeTgyRS1DQVh5djdXNnZtSkpMWElGNUNLMWdiaDJPdldKT2Zpc09uTV9ER25XWTNiZDFPbUNqQTZCWTY5Q0tRVGtJY0RZNUhvREFpVEFKeGpJUmtWYjU5djlJc2FZQUpzdkN0dnVwMUNEZ0pQM0I2VF81b2pJVkZB?oc=5
2025-09-15T08:00:38+00:00,2025-09-15,MarketBeat,Apple Inc. $AAPL is Chelsea Counsel Co.'s Largest Position - MarketBeat,"<a href=""https://news.google.com/rss/articles/CBMitgFBVV95cUxOeTNOR1JMQjV1X192dWlELWFDMnBxclJHM1VnQzN0dUoxcC1rcUlYa0Q3azV5aXZ2R1d2U05XSjhBUi1MQUcxbVlnS0V4Y2EzYzlmZDBnWnVKWjVGdXdtLXRkRkFCQ2N1UnJSRk0yMG56VnFqaGxsOVpWbGxkdlc0NzBWOGY0V0lPaExleVphZlpyZ1cyNTI2SEZrT09XMlpVMWlBTHdEdWttejU1Q2RjaWNITk1kUQ?oc=5"" target=""_blank"">Apple Inc. $AAPL is Chelsea Counsel Co.'s Largest Position</a>&nbsp;&nbsp;<font color=""#6f6f6f"">MarketBeat</font>",https://news.google.com/rss/articles/CBMitgFBVV95cUxOeTNOR1JMQjV1X192dWlELWFDMnBxclJHM1VnQzN0dUoxcC1rcUlYa0Q3azV5aXZ2R1d2U05XSjhBUi1MQUcxbVlnS0V4Y2EzYzlmZDBnWnVKWjVGdXdtLXRkRkFCQ2N1UnJSRk0yMG56VnFqaGxsOVpWbGxkdlc0NzBWOGY0V0lPaExleVphZlpyZ1cyNTI2SEZrT09XMlpVMWlBTHdEdWttejU1Q2RjaWNITk1kUQ?oc=5
2025-08-26T07:00:00+00:00,2025-08-26,Forbes,Invested In Apple Stock 10 Years Ago? Here's How You've Performed Against The S&P 500 - Forbes,"<a href=""https://news.google.com/rss/articles/CBMisAFBVV95cUxOWk82Z1l0U2YwanVocUlzdWVCaVpuVFlzSWRQZ2NHZE5qeFZWb2Z5OVZrNE5oWVphdVFhdnk2MUdNUlNMenI1OEJ3N0ZJZlp3eFhjOTg2U25Tb1BrbWwyZW1ZbldXa3VoV1RtV3A0NkFqYXhHR0xnejA2YUdRcC0yTmpleFVPaGpQLTZ0NGJTUTRFaDB2Qi1weHNWcXIxcWdzZDJBOFdScGdaLTVhcERzNg?oc=5"" target=""_blank"">Invested In Apple Stock 10 Years Ago? Here's How You've Performed Against The S&amp;P 500</a>&nbsp;&nbsp;<font color=""#6f6f6f"">Forbes</font>",https://news.google.com/rss/articles/CBMisAFBVV95cUxOWk82Z1l0U2YwanVocUlzdWVCaVpuVFlzSWRQZ2NHZE5qeFZWb2Z5OVZrNE5oWVphdVFhdnk2MUdNUlNMenI1OEJ3N0ZJZlp3eFhjOTg2U25Tb1BrbWwyZW1ZbldXa3VoV1RtV3A0NkFqYXhHR0xnejA2YUdRcC0yTmpleFVPaGpQLTZ0NGJTUTRFaDB2Qi1weHNWcXIxcWdzZDJBOFdScGdaLTVhcERzNg?oc=5
2025-09-05T18:29:00+00:00,2025-09-05,TheStreet,Goldman Sachs issues high-stakes Apple stock forecast - TheStreet,"<a href=""https://news.google.com/rss/articles/CBMitAFBVV95cUxQbi1XVUZoQVpJenlmaFFyb3FBQ2dLVy1FNE55VUV6UmRacU9EN1FqM3pDRUlNSGZzQkNaNVE2c3dXUkw4Zms1NnhacWlZbkJON3UxYXdSemgyZXBBcmxDWUR0XzRBOWNuM1ZRazRpNC1IVjdkbHZJUWQ1aE1ScGdtVlp1TkpCUE9fQWU3T1FNVEh6czM4eFd2cmpFOG41TTJ6QkNhb2ZhdmY1a1I0YVdDSUlSUnc?oc=5"" target=""_blank"">Goldman Sachs issues high-stakes Apple stock forecast</a>&nbsp;&nbsp;<font color=""#6f6f6f"">TheStreet</font>",https://news.google.com/rss/articles/CBMitAFBVV95cUxQbi1XVUZoQVpJenlmaFFyb3FBQ2dLVy1FNE55VUV6UmRacU9EN1FqM3pDRUlNSGZzQkNaNVE2c3dXUkw4Zms1NnhacWlZbkJON3UxYXdSemgyZXBBcmxDWUR0XzRBOWNuM1ZRazRpNC1IVjdkbHZJUWQ1aE1ScGdtVlp1TkpCUE9fQWU3T1FNVEh6czM4eFd2cmpFOG41TTJ6QkNhb2ZhdmY1a1I0YVdDSUlSUnc?oc=5
2025-09-13T09:30:00+00:00,2025-09-13,Yahoo Finance,Chinese pre-orders for Apple's iPhone 17 break records amid strong demand - Yahoo Finance,"<a href=""https://news.google.com/rss/articles/CBMihAFBVV95cUxOR0RpelNkSVVVaGxMWDIwSmJIQ1czZTNaRUZBNmdVUjA1aFp2NDRPTXZ1bm95aGhyM0o1Mk94MjFRRG81OVAtaDFNTnlnSENVMENNdGhpRjh3RElGdTFKUTgyT1hCVEZIRE8xd1k3WTV2Z3M5NlFyU2puMmV5VjhoNDNrWFI?oc=5"" target=""_blank"">Chinese pre-orders for Apple's iPhone 17 break records amid strong demand</a>&nbsp;&nbsp;<font color=""#6f6f6f"">Yahoo Finance</font>",https://news.google.com/rss/articles/CBMihAFBVV95cUxOR0RpelNkSVVVaGxMWDIwSmJIQ1czZTNaRUZBNmdVUjA1aFp2NDRPTXZ1bm95aGhyM0o1Mk94MjFRRG81OVAtaDFNTnlnSENVMENNdGhpRjh3RElGdTFKUTgyT1hCVEZIRE8xd1k3WTV2Z3M5NlFyU2puMmV5VjhoNDNrWFI?oc=5
2025-08-29T07:00:00+00:00,2025-08-29,Investor's Business Daily,Apple's 'Invisible' AI Strategy Weighs On Its Stock. What Worries Wall Street. - Investor's Business Daily,"<a href=""https://news.google.com/rss/articles/CBMie0FVX3lxTE05c2VRcXJGXzAxWVhTaTdMRU5USV9vQ3ZoMl9IdE4xdWd2UlZJRkxXOUppM0xnY2g0VERFYmVXdGp5dGhTT3FHQ3dkTlBGN1FNN2lxZVg4MUpMZjlCaEhMZlVLV3hmZ0czM2EydGc2aGJwMWNRYzNtb2F3cw?oc=5"" target=""_blank"">Apple's 'Invisible' AI Strategy Weighs On Its Stock. What Worries Wall Street.</a>&nbsp;&nbsp;<font color=""#6f6f6f"">Investor's Business Daily</font>",https://news.google.com/rss/articles/CBMie0FVX3lxTE05c2VRcXJGXzAxWVhTaTdMRU5USV9vQ3ZoMl9IdE4xdWd2UlZJRkxXOUppM0xnY2g0VERFYmVXdGp5dGhTT3FHQ3dkTlBGN1FNN2lxZVg4MUpMZjlCaEhMZlVLV3hmZ0czM2EydGc2aGJwMWNRYzNtb2F3cw?oc=5
2025-09-15T08:08:52+00:00,2025-09-15,MarketBeat,BOS Asset Management LLC Has $6.86 Million Stock Holdings in Apple Inc. $AAPL - MarketBeat,"<a href=""https://news.google.com/rss/articles/CBMizwFBVV95cUxNdlVvU1J5QUhPcFNHMDdlcU5oaFZ0YWNrQXlJbFhLTkRDOE0tNVpOTnNXRHVJTGJ4enhKZXp1cXVFellJUHlHSEcwX3lzRDI4a0VUWG9Bcll1Z2NJZWM4dHdrV2J0WU9TY1pGamQyMmRiWUZZYUFnemVjVEFDQzhxZ1ptMnJiekRQSWEyZmlxR1hwdGZnTUJZelRsU2F0NFBsMzNwTHZ4eGJPa1ZqMlBLLTJhV3FYa2NBdWd0UU52TVRKRDcxNkFiM0VqR2tOLWs?oc=5"" target=""_blank"">BOS Asset Management LLC Has $6.86 Million Stock Holdings in Apple Inc. $AAPL</a>&nbsp;&nbsp;<font color=""#6f6f6f"">MarketBeat</font>",https://news.google.com/rss/articles/CBMizwFBVV95cUxNdlVvU1J5QUhPcFNHMDdlcU5oaFZ0YWNrQXlJbFhLTkRDOE0tNVpOTnNXRHVJTGJ4enhKZXp1cXVFellJUHlHSEcwX3lzRDI4a0VUWG9Bcll1Z2NJZWM4dHdrV2J0WU9TY1pGamQyMmRiWUZZYUFnemVjVEFDQzhxZ1ptMnJiekRQSWEyZmlxR1hwdGZnTUJZelRsU2F0NFBsMzNwTHZ4eGJPa1ZqMlBLLTJhV3FYa2NBdWd0UU52TVRKRDcxNkFiM0VqR2tOLWs?oc=5
2025-09-11T12:07:00+00:00,2025-09-11,TheStreet,Analysts revamp Apple stock price target on iPhone 17 launch - TheStreet,"<a href=""https://news.google.com/rss/articles/CBMingFBVV95cUxPSms2V29XcUotVnRPWUhGWVdqV3JNdG5nVzZJUC0xUnU5dXQ2cTMtZG9zdGtva05pcmkwTGlSdU1OZjR2U0tnalZJNDVNWGw1Nlg4N0kxTFVTR2FVekFNV3JGMGlMZlB1R3J5Z3U0Wks0YmFrN1h2UmVDSkROeUZQSkVZVFBBbFRLYkhrbkpXbW1PUlhQY19ESFd1aWQwdw?oc=5"" target=""_blank"">Analysts revamp Apple stock price target on iPhone 17 launch</a>&nbsp;&nbsp;<font color=""#6f6f6f"">TheStreet</font>",https://news.google.com/rss/articles/CBMingFBVV95cUxPSms2V29XcUotVnRPWUhGWVdqV3JNdG5nVzZJUC0xUnU5dXQ2cTMtZG9zdGtva05pcmkwTGlSdU1OZjR2U0tnalZJNDVNWGw1Nlg4N0kxTFVTR2FVekFNV3JGMGlMZlB1R3J5Z3U0Wks0YmFrN1h2UmVDSkROeUZQSkVZVFBBbFRLYkhrbkpXbW1PUlhQY19ESFd1aWQwdw?oc=5
2025-09-15T08:06:45+00:00,2025-09-15,MarketBeat,Westbourne Investments Inc. Cuts Stake in Apple Inc. $AAPL - MarketBeat,"<a href=""https://news.google.com/rss/articles/CBMitwFBVV95cUxOb0h5YzB1bkdjOGExcnNyVjBzM28zelBvOGNlMHVOeDdJRDh5Y3NtRTBobGpudXg2SEhtSFJhLTVfdlZ6S1pSZjk4cWtqbWwybmxoNC1aY1poZHNENXg1Y2NGTmllVzlmRjZyWElEQlN5LU5BLVRYZU5XNTdDVmdFZlRlNndpMjEtUVhqR0t6ekVDWGJ1QVBfWU12Y0hKeWdBQU05NEs3YkxFUEN4TVZEN0tmWHVzNDg?oc=5"" target=""_blank"">Westbourne Investments Inc. Cuts Stake in Apple Inc. $AAPL</a>&nbsp;&nbsp;<font color=""#6f6f6f"">MarketBeat</font>",https://news.google.com/rss/articles/CBMitwFBVV95cUxOb0h5YzB1bkdjOGExcnNyVjBzM28zelBvOGNlMHVOeDdJRDh5Y3NtRTBobGpudXg2SEhtSFJhLTVfdlZ6S1pSZjk4cWtqbWwybmxoNC1aY1poZHNENXg1Y2NGTmllVzlmRjZyWElEQlN5LU5BLVRYZU5XNTdDVmdFZlRlNndpMjEtUVhqR0t6ekVDWGJ1QVBfWU12Y0hKeWdBQU05NEs3YkxFUEN4TVZEN0tmWHVzNDg?oc=5
2025-09-02T07:02:00+00:00,2025-09-02,Yahoo Finance,"Warren Buffett Sells Apple Stock and Buys a Restaurant Stock Up 4,270% Since 2005 - Yahoo Finance","<a href=""https://news.google.com/rss/articles/CBMihAFBVV95cUxPSlhGVXpZUnI4Z0JwcDk4cktlY3ZLd205RHZzZUNrNmVoN0xPWEhGUmpDdFk5US1mZS1iVDVFb1cxRWNZUWROallFc2ZzaGp2YXNTRVJFTUllMDZRY2dvbklpZW9TTi1LekNjZmw3dkNGS3p0dEN1ZHJrQTFqeFl5VVpKRWo?oc=5"" target=""_blank"">Warren Buffett Sells Apple Stock and Buys a Restaurant Stock Up 4,270% Since 2005</a>&nbsp;&nbsp;<font color=""#6f6f6f"">Yahoo Finance</font>",https://news.google.com/rss/articles/CBMihAFBVV95cUxPSlhGVXpZUnI4Z0JwcDk4cktlY3ZLd205RHZzZUNrNmVoN0xPWEhGUmpDdFk5US1mZS1iVDVFb1cxRWNZUWROallFc2ZzaGp2YXNTRVJFTUllMDZRY2dvbklpZW9TTi1LekNjZmw3dkNGS3p0dEN1ZHJrQTFqeFl5VVpKRWo?oc=5
2025-09-13T07:23:08+00:00,2025-09-13,MarketBeat,Cook Wealth LLC Reduces Stock Position in Apple Inc. $AAPL - MarketBeat,"<a href=""https://news.google.com/rss/articles/CBMiswFBVV95cUxPcE1JdFhtRXdLbU9LR3RJWktkMDBaa3cyM0hEM1hSeVM2UnRFTm45MEo5NkdmTlN2bUpDdWlTQzhOaDY4dE9vUGlpNWFuZGE0ZDdMUVRPX0p2Z1FKaGx6ZWdHWVRHNEktRW14aW1fa21aaVZJT2ZyeW85OE1HNnBPWXNTX3YwUGpOT1VKUkk2RFNNOVYzelYyQ3VESGJtZlg1V0p5dFZIbnV3Wl9hcGIyMjFLNA?oc=5"" target=""_blank"">Cook Wealth LLC Reduces Stock Position in Apple Inc. $AAPL</a>&nbsp;&nbsp;<font color=""#6f6f6f"">MarketBeat</font>",https://news.google.com/rss/articles/CBMiswFBVV95cUxPcE1JdFhtRXdLbU9LR3RJWktkMDBaa3cyM0hEM1hSeVM2UnRFTm45MEo5NkdmTlN2bUpDdWlTQzhOaDY4dE9vUGlpNWFuZGE0ZDdMUVRPX0p2Z1FKaGx6ZWdHWVRHNEktRW14aW1fa21aaVZJT2ZyeW85OE1HNnBPWXNTX3YwUGpOT1VKUkk2RFNNOVYzelYyQ3VESGJtZlg1V0p5dFZIbnV3Wl9hcGIyMjFLNA?oc=5
2025-09-15T08:05:58+00:00,2025-09-15,MarketBeat,"WBI Investments LLC Acquires 1,564 Shares of Apple Inc. $AAPL - MarketBeat","<a href=""https://news.google.com/rss/articles/CBMiuwFBVV95cUxONEhGQW9WRmVVRVRJRmVsSWZCQVhCUkhDLVhSMXlWUXM3ZjB5Z3drWFdJc1NvTzdxa0NSbU1nNHcwUndPdXFDc2xNTDB4TGZlODBlZGNJTnd1ZUVtejR3Wmk2a0RGRURfNDBMTVlNeUR4WnNHMG1Nb2VjUk5uQzVqTUpQUUNqbHBaZ1NFeWdUOUlKZ3B6UmJOUFM3dlBuNEl0MXAyOVhzYWlDdS1zNnFhM3dmUXU5ZklZUjdJ?oc=5"" target=""_blank"">WBI Investments LLC Acquires 1,564 Shares of Apple Inc. $AAPL</a>&nbsp;&nbsp;<font color=""#6f6f6f"">MarketBeat</font>",https://news.google.com/rss/articles/CBMiuwFBVV95cUxONEhGQW9WRmVVRVRJRmVsSWZCQVhCUkhDLVhSMXlWUXM3ZjB5Z3drWFdJc1NvTzdxa0NSbU1nNHcwUndPdXFDc2xNTDB4TGZlODBlZGNJTnd1ZUVtejR3Wmk2a0RGRURfNDBMTVlNeUR4WnNHMG1Nb2VjUk5uQzVqTUpQUUNqbHBaZ1NFeWdUOUlKZ3B6UmJOUFM3dlBuNEl0MXAyOVhzYWlDdS1zNnFhM3dmUXU5ZklZUjdJ?oc=5
2025-09-15T07:58:58+00:00,2025-09-15,MarketBeat,Iron Gate Global Advisors LLC Reduces Stock Holdings in Apple Inc. $AAPL - MarketBeat,"<a href=""https://news.google.com/rss/articles/CBMiywFBVV95cUxOYi1idjdYaGZjVk5IdWtNS2lOWG1sOERMWWozc2JHTDVJV3VXNUV5U1ZQTmVLV2R6ZHR0UnRUR1lVYlVqNlYyMThoUnJQVjlNV2lxN1BQRmZnSmZhUXl3M2tBZm1NeEwwUkVDSzJJTlhxbklPUUZ6SldrOWJlR25oY1RkdnRKY0g5T1pfQm9RTEpGcFFJOFBGR0J6SzRwWTJuUEFxVzNXRzQ3aXVIRlpCUUFCdkR4Smgwb1RfamNoSHk4R3pmTU02OXZVQQ?oc=5"" target=""_blank"">Iron Gate Global Advisors LLC Reduces Stock Holdings in Apple Inc. $AAPL</a>&nbsp;&nbsp;<font color=""#6f6f6f"">MarketBeat</font>",https://news.google.com/rss/articles/CBMiywFBVV95cUxOYi1idjdYaGZjVk5IdWtNS2lOWG1sOERMWWozc2JHTDVJV3VXNUV5U1ZQTmVLV2R6ZHR0UnRUR1lVYlVqNlYyMThoUnJQVjlNV2lxN1BQRmZnSmZhUXl3M2tBZm1NeEwwUkVDSzJJTlhxbklPUUZ6SldrOWJlR25oY1RkdnRKY0g5T1pfQm9RTEpGcFFJOFBGR0J6SzRwWTJuUEFxVzNXRzQ3aXVIRlpCUUFCdkR4Smgwb1RfamNoSHk4R3pmTU02OXZVQQ?oc=5
2025-08-26T07:00:00+00:00,2025-08-26,Investor's Business Daily,Apple Promises 'Awe Dropping' Event Sept. 9 - Investor's Business Daily,"<a href=""https://news.google.com/rss/articles/CBMilwFBVV95cUxQLVdwdWdBaWNNRDRTN3NzYWFvc3dHeDc0LXZJLTc3cVFQTHpZRzQzNFdadklId0hLVTEzdEtXR0tXeHV6bkpObTIxOGpESTVEWjdmNkZpQktIanRmYU01R093Wk1pdXp2OFBKcW5QU1MxX0dRYWRkR2ozalJtU0dmaWFSeGxJYlczYzNXd1ZUR2xYMUZ6MWo4?oc=5"" target=""_blank"">Apple Promises 'Awe Dropping' Event Sept. 9</a>&nbsp;&nbsp;<font color=""#6f6f6f"">Investor's Business Daily</font>",https://news.google.com/rss/articles/CBMilwFBVV95cUxQLVdwdWdBaWNNRDRTN3NzYWFvc3dHeDc0LXZJLTc3cVFQTHpZRzQzNFdadklId0hLVTEzdEtXR0tXeHV6bkpObTIxOGpESTVEWjdmNkZpQktIanRmYU01R093Wk1pdXp2OFBKcW5QU1MxX0dRYWRkR2ozalJtU0dmaWFSeGxJYlczYzNXd1ZUR2xYMUZ6MWo4?oc=5
2025-09-13T08:11:51+00:00,2025-09-13,MSN,Is Apple Stock as Good as Nvidia? - MSN,"<a href=""https://news.google.com/rss/articles/CBMisgFBVV95cUxQd05SRlBzdlhTWVBGRWVBeFN6YWxYMlQybGNDX0gtRnlYdDdlOWdFTnZMNDNDUk1sTm1UZTRMNXBzTEdCTDBFQ3RNamRQb3ZSc1l4Y05PSTJSYUM4dnprRTAwR1h5VzdfQVdCdlZRaTZHMUg1b2w0eUdORkg4ZllRQm1BRUFCWm0zd0N3dGVJX21wUVRWelFvZXdOcTVNSjd5WkZDU0czWWlGWkNudUt4V1l3?oc=5"" target=""_blank"">Is Apple Stock as Good as Nvidia?</a>&nbsp;&nbsp;<font color=""#6f6f6f"">MSN</font>",https://news.google.com/rss/articles/CBMisgFBVV95cUxQd05SRlBzdlhTWVBGRWVBeFN6YWxYMlQybGNDX0gtRnlYdDdlOWdFTnZMNDNDUk1sTm1UZTRMNXBzTEdCTDBFQ3RNamRQb3ZSc1l4Y05PSTJSYUM4dnprRTAwR1h5VzdfQVdCdlZRaTZHMUg1b2w0eUdORkg4ZllRQm1BRUFCWm0zd0N3dGVJX21wUVRWelFvZXdOcTVNSjd5WkZDU0czWWlGWkNudUt4V1l3?oc=5
2025-09-09T21:45:01+00:00,2025-09-09,Yahoo Finance,Apple (AAPL) Stock Drops Despite Market Gains: Important Facts to Note - Yahoo Finance,"<a href=""https://news.google.com/rss/articles/CBMiggFBVV95cUxQZ1VRYWRWSDl2V05QWHpXZkxzaENjeENtT2lVZTg5Rldpa1NsMm9US2hxZTE0dkJPbG9hR1lPeVd1NEFMcDJQTkZtZWo1ODZNYlJiX0RJY3A2dVo3LVZPR24tY3kzWHdjN2ZJNjRJWU5jdk14TUdjUlNNem5WQUZQVHVR?oc=5"" target=""_blank"">Apple (AAPL) Stock Drops Despite Market Gains: Important Facts to Note</a>&nbsp;&nbsp;<font color=""#6f6f6f"">Yahoo Finance</font>",https://news.google.com/rss/articles/CBMiggFBVV95cUxQZ1VRYWRWSDl2V05QWHpXZkxzaENjeENtT2lVZTg5Rldpa1NsMm9US2hxZTE0dkJPbG9hR1lPeVd1NEFMcDJQTkZtZWo1ODZNYlJiX0RJY3A2dVo3LVZPR24tY3kzWHdjN2ZJNjRJWU5jdk14TUdjUlNNem5WQUZQVHVR?oc=5
2025-09-13T17:43:53+00:00,2025-09-13,Mitrade,"Apple's New Products May Help the Stock, but Services Matter Most Heading Into Fiscal 2026 - Mitrade","<a href=""https://news.google.com/rss/articles/CBMif0FVX3lxTE1udlFyU3FycGFqMDV1UEdkNnkyLTZXTDJiS1Bka2dMUG8tM2t0YXRqZTB1N3Ywc2dEWXpBcjVhZTBiMHFqZExpT3YxWjNpV2NlVFNwdHpyczhtU3RXUF9KT3JPejlmVUNoc1dJaTFvYk1mSmlGYXdjQzRENEdWbnM?oc=5"" target=""_blank"">Apple's New Products May Help the Stock, but Services Matter Most Heading Into Fiscal 2026</a>&nbsp;&nbsp;<font color=""#6f6f6f"">Mitrade</font>",https://news.google.com/rss/articles/CBMif0FVX3lxTE1udlFyU3FycGFqMDV1UEdkNnkyLTZXTDJiS1Bka2dMUG8tM2t0YXRqZTB1N3Ywc2dEWXpBcjVhZTBiMHFqZExpT3YxWjNpV2NlVFNwdHpyczhtU3RXUF9KT3JPejlmVUNoc1dJaTFvYk1mSmlGYXdjQzRENEdWbnM?oc=5
2025-09-12T21:59:45+00:00,2025-09-12,Yahoo Finance,Why Analysts Believe Apple’s (AAPL) iPhone Super Cycle Is Just Beginning - Yahoo Finance,"<a href=""https://news.google.com/rss/articles/CBMigwFBVV95cUxNR1pEQkJkdWpLbFBWMmhPNmZSUjh4amdqdnk5VDZlVGNYU3FGTVV1NVA5ME9uNnhYSXpRYTNhM0JaeDl5OWM5UnVCczFPWjlfVnNNWGdHaFR1alhEc200cTJSdEpPNXp1WVZoTjB2a01KOGZfd1JfSmNuQVVnbDlQNGFDOA?oc=5"" target=""_blank"">Why Analysts Believe Apple’s (AAPL) iPhone Super Cycle Is Just Beginning</a>&nbsp;&nbsp;<font color=""#6f6f6f"">Yahoo Finance</font>",https://news.google.com/rss/articles/CBMigwFBVV95cUxNR1pEQkJkdWpLbFBWMmhPNmZSUjh4amdqdnk5VDZlVGNYU3FGTVV1NVA5ME9uNnhYSXpRYTNhM0JaeDl5OWM5UnVCczFPWjlfVnNNWGdHaFR1alhEc200cTJSdEpPNXp1WVZoTjB2a01KOGZfd1JfSmNuQVVnbDlQNGFDOA?oc=5
2025-09-15T07:24:13+00:00,2025-09-15,MarketBeat,Apple Inc. $AAPL Shares Bought by Geneos Wealth Management Inc. - MarketBeat,"<a href=""https://news.google.com/rss/articles/CBMivgFBVV95cUxNRlNWVjB0TmhzQU5RaF9weWVxeUptek9NVW4zT0piNUd0SEVuUktxeDRlWVFJSFJNWUljU1N2ekxiT0ZBVjBkOGFwTjV0RkxCME9EX1VnS3llenpRbkNERDJKbTg1bm1oa3c4VzF3bmVWcnozQWh0Y2c5V0thV0RWRW1HMjBEdWcwRXVjR09IYjBhcGVNQkJhT3V5RG9VVy1FdlNfM3J4eFNSUmh2M3VIWW5BX1l1bC0wMmh5Y0Rn?oc=5"" target=""_blank"">Apple Inc. $AAPL Shares Bought by Geneos Wealth Management Inc.</a>&nbsp;&nbsp;<font color=""#6f6f6f"">MarketBeat</font>",https://news.google.com/rss/articles/CBMivgFBVV95cUxNRlNWVjB0TmhzQU5RaF9weWVxeUptek9NVW4zT0piNUd0SEVuUktxeDRlWVFJSFJNWUljU1N2ekxiT0ZBVjBkOGFwTjV0RkxCME9EX1VnS3llenpRbkNERDJKbTg1bm1oa3c4VzF3bmVWcnozQWh0Y2c5V0thV0RWRW1HMjBEdWcwRXVjR09IYjBhcGVNQkJhT3V5RG9VVy1FdlNfM3J4eFNSUmh2M3VIWW5BX1l1bC0wMmh5Y0Rn?oc=5
2025-09-15T07:40:02+00:00,2025-09-15,MarketBeat,Jacobi Capital Management LLC Raises Holdings in Apple Inc. $AAPL - MarketBeat,"<a href=""https://news.google.com/rss/articles/CBMiwgFBVV95cUxOZ1NYN0RBWmhaOFRtSDNOZ1dYZTdWcWc4Tloxa2JGVHRMVm1FZG96OUhlT1Z6R05RVGlvcktnckJMMmQzdGY0eFN0WUc4dFd4SXBpUHdkcEJNUXRsRDgyaC1MVDRmdW04WnFJN1NqTjBYUlVUd0hzLWwwR3Y4UlRhMG5uWnZiY3d3Vlo5MmpYZUJUXzJickU3N2ZDeXlDbnBOblJJRUhmLVRsbHYwdDZINy1hSUsxT2tXcWZaVWpuMXpmZw?oc=5"" target=""_blank"">Jacobi Capital Management LLC Raises Holdings in Apple Inc. $AAPL</a>&nbsp;&nbsp;<font color=""#6f6f6f"">MarketBeat</font>",https://news.google.com/rss/articles/CBMiwgFBVV95cUxOZ1NYN0RBWmhaOFRtSDNOZ1dYZTdWcWc4Tloxa2JGVHRMVm1FZG96OUhlT1Z6R05RVGlvcktnckJMMmQzdGY0eFN0WUc4dFd4SXBpUHdkcEJNUXRsRDgyaC1MVDRmdW04WnFJN1NqTjBYUlVUd0hzLWwwR3Y4UlRhMG5uWnZiY3d3Vlo5MmpYZUJUXzJickU3N2ZDeXlDbnBOblJJRUhmLVRsbHYwdDZINy1hSUsxT2tXcWZaVWpuMXpmZw?oc=5
